ADDRESS,SALE PRICE,SALE DATE,AREA,STRATA/NON STRATA,MULTI-PROPERTY SALE (Y/N),PROPERTY NUMBER,DEALING NUMBER,EXTRACTION DATE
"45 ALBERT STREET, ST PETERS NSW 2044","1081625","14 April 2016","309.9","NON STRATA","No",1942072,"AK853538","30 April 2017"
"41 ALBERT STREET, ST PETERS NSW 2044","1100000","5 August 2015","246.6","NON STRATA","No",1942074,"AJ856531","30 April 2017"
"37 ALBERT STREET, ST PETERS NSW 2044","1972511","20 August 2015","771.5","NON STRATA","No",1942075,"AK712782","30 April 2017"
"35 ALBERT STREET, ST PETERS NSW 2044","1444753","19 February 2016","245.8","NON STRATA","No",1942076,"AK310459","30 April 2017"
"33 ALBERT STREET, ST PETERS NSW 2044","1401169","22 December 2015","247.9","NON STRATA","No",1942077,"AK168377","30 April 2017"
"31 ALBERT STREET, ST PETERS NSW 2044","1451017","2 March 2016","217.1","NON STRATA","No",1942078,"AK329670","30 April 2017"
"19 ALBERT STREET, ST PETERS NSW 2044","1850420","23 December 2015","515.4","NON STRATA","Yes (2)",1942079,"AK182171","30 April 2017"
"17 ALBERT STREET, ST PETERS NSW 2044","1850420","23 December 2015","536.4","NON STRATA","Yes (2)",1942080,"AK182171","30 April 2017"
"2 ALFRED STREET, ST PETERS NSW 2044","740000","13 April 2013","240.3","NON STRATA","No",1942118,"AH770977","30 April 2017"
"6 ALFRED STREET, ST PETERS NSW 2044","550000","24 August 2012","278.6","NON STRATA","No",1942120,"AH237864","30 April 2017"
"8 ALFRED STREET, ST PETERS NSW 2044","1150000","2 August 2015","185.9","NON STRATA","No",1942121,"AJ865425","30 April 2017"
"45 ALFRED STREET, ST PETERS NSW 2044","1210000","21 May 2016","234","NON STRATA","No",1942137,"AK582609","30 April 2017"
"45 ALFRED STREET, ST PETERS NSW 2044","905000","24 July 2013","234","NON STRATA","No",1942137,"AH979027","30 April 2017"
"45 ALFRED STREET, ST PETERS NSW 2044","501000","4 October 2012","234","NON STRATA","No",1942137,"AH337455","30 April 2017"
"39 ALFRED STREET, ST PETERS NSW 2044","1200000","31 August 2016","235.5","NON STRATA","No",1942139,"AK859107","30 April 2017"
"31 ALFRED STREET, ST PETERS NSW 2044","1188500","8 February 2014","464.515","NON STRATA","No",1942142,"AI550075","30 April 2017"
"25 ALFRED STREET, ST PETERS NSW 2044","2750000","26 March 2015","455.3","NON STRATA","Yes (2)",1942143,"AJ627534","30 April 2017"
"23 ALFRED STREET, ST PETERS NSW 2044","2750000","26 March 2015","404.7","NON STRATA","Yes (2)",1942144,"AJ627534","30 April 2017"
"11 BARWON PARK ROAD, ST PETERS NSW 2044","700000","13 September 2012","177","NON STRATA","No",1943421,"AH417130","30 April 2017"
"39 BARWON PARK ROAD, ST PETERS NSW 2044","1580000","14 August 2014","322.5","NON STRATA","No",1943428,"AJ123808","30 April 2017"
"45 BARWON PARK ROAD, ST PETERS NSW 2044","466667","21 June 2012","352.3","NON STRATA","No",1943430,"AH71523","30 April 2017"
"1 BROWN STREET, ST PETERS NSW 2044","1612600","22 May 2015","271.9","NON STRATA","No",1944343,"AJ588086","30 April 2017"
"1 BROWN STREET, ST PETERS NSW 2044","680000","14 June 2012","271.9","NON STRATA","No",1944343,"AH149515","30 April 2017"
"19 BROWN STREET, ST PETERS NSW 2044","1295000","10 December 2016","271.06","NON STRATA","No",1944352,"AM225841","30 April 2017"
"25 BROWN STREET, ST PETERS NSW 2044","490000","21 October 2015","271.43","NON STRATA","No",1944355,"AJ948040","30 April 2017"
"33 BROWN STREET, ST PETERS NSW 2044","822000","13 November 2015","227.6","NON STRATA","No",1944356,"AK54574","30 April 2017"
"33 BROWN STREET, ST PETERS NSW 2044","350000","29 October 2012","227.6","NON STRATA","No",1944356,"AH461694","30 April 2017"
"47 BROWN STREET, ST PETERS NSW 2044","680000","31 October 2013","145.4","NON STRATA","No",1944362,"AI208414","30 April 2017"
"51 BROWN STREET, ST PETERS NSW 2044","950000","23 April 2016","150.2","NON STRATA","No",1944364,"AK537544","30 April 2017"
"53 BROWN STREET, ST PETERS NSW 2044","1280000","26 August 2016","126.5","NON STRATA","No",1944365,"AK804034","30 April 2017"
"59 BROWN STREET, ST PETERS NSW 2044","1100000","3 September 2016","149","NON STRATA","No",1944368,"AK864648","30 April 2017"
"61 BROWN STREET, ST PETERS NSW 2044","1010000","1 September 2015","158.8","NON STRATA","No",1944369,"AJ963648","30 April 2017"
"63 BROWN STREET, ST PETERS NSW 2044","730000","9 July 2013","313.6","NON STRATA","No",1944370,"AH948294","30 April 2017"
"68 BROWN STREET, ST PETERS NSW 2044","963000","12 November 2013","404.6","NON STRATA","No",1944376,"AI385074","30 April 2017"
"50 BROWN STREET, ST PETERS NSW 2044","815000","27 October 2012","426.4","NON STRATA","No",1944382,"AH441465","30 April 2017"
"42 BROWN STREET, ST PETERS NSW 2044","1155000","17 March 2015","191.2","NON STRATA","No",1944386,"AJ599381","30 April 2017"
"6 BROWN STREET, ST PETERS NSW 2044","1142445","3 August 2015","183.3","NON STRATA","No",1944400,"AJ766363","30 April 2017"
"4 BROWN STREET, ST PETERS NSW 2044","1250000","19 July 2014","354.1","NON STRATA","No",1944401,"AI876529","30 April 2017"
"7 BURROWS S ROAD, ST PETERS NSW 2044","2700000","12 November 2012","1526","NON STRATA","No",1944529,"AH423866","30 April 2017"
"11 BURROWS S ROAD, ST PETERS NSW 2044","6050000","18 October 2016","1801","NON STRATA","No",1944531,"AM196443","30 April 2017"
"2/13 BURROWS S ROAD, ST PETERS NSW 2044","500000","13 October 2015","0","STRATA","No","1944534","AK30722","30 April 2017"
"1/13 BURROWS S ROAD, ST PETERS NSW 2044","670000","13 June 2014","0","STRATA","No","1944533","AI839298","30 April 2017"
"21 BURROWS S ROAD, ST PETERS NSW 2044","2950000","30 April 2014","1505","NON STRATA","No",1944547,"AI832546","30 April 2017"
"23 BURROWS S ROAD, ST PETERS NSW 2044","1650000","26 October 2015","1404","NON STRATA","No",1944548,"AK61514","30 April 2017"
"148 CAMPBELL STREET, ST PETERS NSW 2044","1138700","30 October 2015","252.9","NON STRATA","No",1945022,"AK73560","30 April 2017"
"134 CAMPBELL STREET, ST PETERS NSW 2044","1714287","30 October 2015","398","NON STRATA","No",1945023,"AK178551","30 April 2017"
"132 CAMPBELL STREET, ST PETERS NSW 2044","2613775","2 April 2015","619.7","NON STRATA","No",1945024,"AJ518052","30 April 2017"
"130 CAMPBELL STREET, ST PETERS NSW 2044","1621592","18 June 2015","390","NON STRATA","No",1945025,"AJ941262","30 April 2017"
"128 CAMPBELL STREET, ST PETERS NSW 2044","1408963","16 December 2015","240.2","NON STRATA","No",1945026,"AK120116","30 April 2017"
"122 CAMPBELL STREET, ST PETERS NSW 2044","969600","27 October 2015","164.4","NON STRATA","No",1945029,"AJ972479","30 April 2017"
"122 CAMPBELL STREET, ST PETERS NSW 2044","560000","27 February 2013","164.4","NON STRATA","No",1945029,"AH668328","30 April 2017"
"120 CAMPBELL STREET, ST PETERS NSW 2044","1030787","15 February 2016","164.4","NON STRATA","No",1945030,"AK280766","30 April 2017"
"120 CAMPBELL STREET, ST PETERS NSW 2044","625000","1 November 2013","164.4","NON STRATA","No",1945030,"AI257791","30 April 2017"
"104 CAMPBELL STREET, ST PETERS NSW 2044","1610413","18 April 2016","366.7","NON STRATA","No",1945032,"AK865897","30 April 2017"
"102 CAMPBELL STREET, ST PETERS NSW 2044","1029120","20 April 2016","202.3","NON STRATA","No",1945033,"AK522566","30 April 2017"
"100 CAMPBELL STREET, ST PETERS NSW 2044","982460","26 April 2016","202.3","NON STRATA","No",1945034,"AK499205","30 April 2017"
"96 CAMPBELL STREET, ST PETERS NSW 2044","976360","15 April 2016","195.3","NON STRATA","No",1945035,"AK709038","30 April 2017"
"92 CAMPBELL STREET, ST PETERS NSW 2044","910500","16 March 2015","322.6","NON STRATA","No",1945036,"AJ428263","30 April 2017"
"88 CAMPBELL STREET, ST PETERS NSW 2044","866040","25 May 2015","168.3","NON STRATA","No",1945038,"AJ608168","30 April 2017"
"80 CAMPBELL STREET, ST PETERS NSW 2044","835020","9 July 2015","100.5","NON STRATA","No",1945041,"AJ856434","30 April 2017"
"78 CAMPBELL STREET, ST PETERS NSW 2044","966410","26 April 2016","164.4","NON STRATA","No",1945042,"AK499212","30 April 2017"
"66 CAMPBELL STREET, ST PETERS NSW 2044","1210136","14 December 2015","306","NON STRATA","No",1945043,"AK136715","30 April 2017"
"62 CAMPBELL STREET, ST PETERS NSW 2044","711925","7 October 2015","227.6","NON STRATA","No",1945045,"AJ978846","30 April 2017"
"62 CAMPBELL STREET, ST PETERS NSW 2044","350000","27 February 2014","227.6","NON STRATA","No",1945045,"AI546184","30 April 2017"
"32 CAMPBELL STREET, ST PETERS NSW 2044","1062076","14 April 2016","107.5","NON STRATA","No",1945052,"AK865976","30 April 2017"
"19 CAMPBELL STREET, ST PETERS NSW 2044","1121000","29 October 2016","215","NON STRATA","No",1945060,"AM50721","30 April 2017"
"25 CAMPBELL STREET, ST PETERS NSW 2044","1175000","21 August 2015","158.1","NON STRATA","No",1945063,"AJ896851","30 April 2017"
"67 CAMPBELL STREET, ST PETERS NSW 2044","1716000","18 November 2014","366.7","NON STRATA","No",1945072,"AJ255779","30 April 2017"
"139 CAMPBELL STREET, ST PETERS NSW 2044","1252708","15 April 2016","164.4","NON STRATA","No",1945073,"AK478983","30 April 2017"
"15/2 BURROWS S ROAD, ST PETERS NSW 2044","445000","24 January 2014","0","STRATA","No","1945095","AI332898","30 April 2017"
"8/2 BURROWS S ROAD, ST PETERS NSW 2044","1120000","19 December 2013","0","STRATA","No","1945088","AI401082","30 April 2017"
"25/2 BURROWS S ROAD, ST PETERS NSW 2044","390000","26 August 2013","0","STRATA","No","1945105","AI47812","30 April 2017"
"13/1 CANAL ROAD, ST PETERS NSW 2044","1300923","16 December 2015","0","STRATA","No","1945149","AK193598","30 April 2017"
"5/1 CANAL ROAD, ST PETERS NSW 2044","1163774","16 December 2015","0","STRATA","No","1945141","AK193923","30 April 2017"
"6/1 CANAL ROAD, ST PETERS NSW 2044","2102974","16 December 2015","0","STRATA","No","1945142","AK193620","30 April 2017"
"9/1 CANAL ROAD, ST PETERS NSW 2044","1195423","16 December 2015","0","STRATA","No","1945145","AK193783","30 April 2017"
"1/1 CANAL ROAD, ST PETERS NSW 2044","2518839","15 December 2015","0","STRATA","No","1945150","AK193913","30 April 2017"
"11/1 CANAL ROAD, ST PETERS NSW 2044","1295312","15 December 2015","0","STRATA","No","1945147","AK193929","30 April 2017"
"12/1 CANAL ROAD, ST PETERS NSW 2044","1363887","15 December 2015","0","STRATA","No","1945148","AK193941","30 April 2017"
"3/1 CANAL ROAD, ST PETERS NSW 2044","1131823","11 December 2015","0","STRATA","No","1945139","AK182557","30 April 2017"
"4/1 CANAL ROAD, ST PETERS NSW 2044","1576286","11 December 2015","0","STRATA","No","1945140","AK173620","30 April 2017"
"8/1 CANAL ROAD, ST PETERS NSW 2044","1410519","11 December 2015","0","STRATA","No","1945144","AK182571","30 April 2017"
"2/1 CANAL ROAD, ST PETERS NSW 2044","1439861","10 December 2015","0","STRATA","No","1945138","AK186755","30 April 2017"
"10/1 CANAL ROAD, ST PETERS NSW 2044","2085944","7 December 2015","0","STRATA","No","1945146","AK114427","30 April 2017"
"7/1 CANAL ROAD, ST PETERS NSW 2044","1616317","17 November 2015","0","STRATA","No","1945143","AK99049","30 April 2017"
"4/1 CANAL ROAD, ST PETERS NSW 2044","700000","14 May 2014","0","STRATA","No","1945140","AI912556","30 April 2017"
"2/1 CANAL ROAD, ST PETERS NSW 2044","810000","23 April 2014","0","STRATA","No","1945138","AI740803","30 April 2017"
"8/1 CANAL ROAD, ST PETERS NSW 2044","715000","10 April 2013","0","STRATA","No","1945144","AH746481","30 April 2017"
"71 CHURCH STREET, ST PETERS NSW 2044","1157860","9 July 2015","246.6","NON STRATA","No",1946428,"AJ856482","30 April 2017"
"103 CHURCH STREET, ST PETERS NSW 2044","902500","4 October 2013","183.4","NON STRATA","No",1946439,"AI166301","30 April 2017"
"144 CHURCH STREET, ST PETERS NSW 2044","748000","27 August 2013","101.2","NON STRATA","No",1946446,"AI101947","30 April 2017"
"140 CHURCH STREET, ST PETERS NSW 2044","1207000","2 November 2016","88.5","NON STRATA","No",1946448,"AM164290","30 April 2017"
"136 CHURCH STREET, ST PETERS NSW 2044","715000","13 September 2012","101.2","NON STRATA","No",1946450,"AH305707","30 April 2017"
"106 CHURCH STREET, ST PETERS NSW 2044","1255585","29 July 2015","278.2","NON STRATA","No",1946453,"AJ743120","30 April 2017"
"9 COUNCIL STREET, ST PETERS NSW 2044","852000","10 September 2014","75.9","NON STRATA","No",1947371,"AJ771","30 April 2017"
"15 COUNCIL STREET, ST PETERS NSW 2044","678500","1 February 2013","75.9","NON STRATA","No",1947374,"AH593185","30 April 2017"
"31 CROWN STREET, ST PETERS NSW 2044","700000","18 November 2013","113.8","NON STRATA","No",1947399,"AI280633","30 April 2017"
"24 CROWN STREET, ST PETERS NSW 2044","1025000","30 May 2016","151.8","NON STRATA","No",1947421,"AK605196","30 April 2017"
"12 EDITH STREET, ST PETERS NSW 2044","635000","21 July 2012","264.8","NON STRATA","No",1949353,"AH254756","30 April 2017"
"42 EDITH STREET, ST PETERS NSW 2044","1005000","16 July 2015","259","NON STRATA","No",1949363,"AJ741804","30 April 2017"
"48 EDITH STREET, ST PETERS NSW 2044","992000","13 July 2013","298.8","NON STRATA","No",1949366,"AH967608","30 April 2017"
"50 EDITH STREET, ST PETERS NSW 2044","2500000","30 July 2015","588.3","NON STRATA","No",1949367,"AM102008","30 April 2017"
"52 EDITH STREET, ST PETERS NSW 2044","2000000","30 July 2015","395.1","NON STRATA","No",1949368,"AM102092","30 April 2017"
"63 EDITH STREET, ST PETERS NSW 2044","1040000","12 April 2014","294.7","NON STRATA","No",1949370,"AI641121","30 April 2017"
"33 EDITH STREET, ST PETERS NSW 2044","1400000","11 September 2015","338.6","NON STRATA","No",1949372,"AJ989962","30 April 2017"
"3 FLORENCE STREET, ST PETERS NSW 2044","1356363","16 December 2015","146","NON STRATA","No",1950874,"AK331193","30 April 2017"
"5 FLORENCE STREET, ST PETERS NSW 2044","1261349","18 December 2015","146.3","NON STRATA","No",1950875,"AK601871","30 April 2017"
"9 FLORENCE STREET, ST PETERS NSW 2044","715000","1 July 2013","150.9","NON STRATA","No",1950877,"AH965725","30 April 2017"
"11 FLORENCE STREET, ST PETERS NSW 2044","795000","2 November 2013","190","NON STRATA","No",1950878,"AI261803","30 April 2017"
"19 FLORENCE STREET, ST PETERS NSW 2044","870000","14 June 2013","189.9","NON STRATA","No",1950882,"AH919940","30 April 2017"
"21 FLORENCE STREET, ST PETERS NSW 2044","905000","1 March 2014","192.27","NON STRATA","No",1950883,"AI583503","30 April 2017"
"25 FLORENCE STREET, ST PETERS NSW 2044","800000","15 November 2014","170","NON STRATA","No",1950885,"AJ296321","30 April 2017"
"29 FLORENCE STREET, ST PETERS NSW 2044","1050000","4 June 2016","190","NON STRATA","No",1950887,"AK652698","30 April 2017"
"31 FLORENCE STREET, ST PETERS NSW 2044","1450000","12 September 2014","404","NON STRATA","No",1950888,"AI954882","30 April 2017"
"43 FLORENCE STREET, ST PETERS NSW 2044","1282000","28 June 2014","442","NON STRATA","No",1950894,"AI814760","30 April 2017"
"22 FLORENCE STREET, ST PETERS NSW 2044","715000","18 August 2012","228.7","NON STRATA","No",1950912,"AH322447","30 April 2017"
"14 FLORENCE STREET, ST PETERS NSW 2044","990000","8 August 2015","120.1","NON STRATA","No",1950916,"AJ857466","30 April 2017"
"14 FLORENCE STREET, ST PETERS NSW 2044","850000","13 March 2014","120.1","NON STRATA","No",1950916,"AI544355","30 April 2017"
"10 FLORENCE STREET, ST PETERS NSW 2044","930000","12 April 2014","208.7","NON STRATA","No",1950918,"AI612484","30 April 2017"
"4 FLORENCE STREET, ST PETERS NSW 2044","755000","30 August 2014","208.7","NON STRATA","No",1950921,"AJ56388","30 April 2017"
"2 FLORENCE STREET, ST PETERS NSW 2044","1594803","12 October 2015","411","NON STRATA","No",1950922,"AK125770","30 April 2017"
"101 FREDERICK STREET, ST PETERS NSW 2044","798000","5 December 2015","139.1","NON STRATA","No",1951493,"AK191094","30 April 2017"
"91 FREDERICK STREET, ST PETERS NSW 2044","620000","1 March 2013","142.08","NON STRATA","No",1951497,"AH708602","30 April 2017"
"89 FREDERICK STREET, ST PETERS NSW 2044","660000","17 May 2013","145.5","NON STRATA","No",1951498,"AH850104","30 April 2017"
"81 FREDERICK STREET, ST PETERS NSW 2044","790000","22 November 2014","189.7","NON STRATA","No",1951501,"AJ212805","30 April 2017"
"79 FREDERICK STREET, ST PETERS NSW 2044","920000","28 November 2014","290.868","NON STRATA","No",1951502,"AJ261962","30 April 2017"
"65 FREDERICK STREET, ST PETERS NSW 2044","560000","22 August 2016","290.868","NON STRATA","No",1951507,"AK823246","30 April 2017"
"63 FREDERICK STREET, ST PETERS NSW 2044","1220000","6 April 2016","290.868","NON STRATA","No",1951508,"AK577623","30 April 2017"
"61 FREDERICK STREET, ST PETERS NSW 2044","840000","24 December 2014","146.24","NON STRATA","No",1951509,"AJ262238","30 April 2017"
"47 FREDERICK STREET, ST PETERS NSW 2044","670000","21 May 2012","290.868","NON STRATA","No",1951513,"AH101542","30 April 2017"
"41 FREDERICK STREET, ST PETERS NSW 2044","910000","25 May 2016","145.4","NON STRATA","No",1951515,"AK622623","30 April 2017"
"41 FREDERICK STREET, ST PETERS NSW 2044","625000","13 July 2012","145.4","NON STRATA","No",1951515,"AH238189","30 April 2017"
"25 FREDERICK STREET, ST PETERS NSW 2044","610000","3 May 2012","146.24","NON STRATA","No",1951522,"AH73526","30 April 2017"
"15 FREDERICK STREET, ST PETERS NSW 2044","915000","29 November 2014","146.24","NON STRATA","No",1951527,"AJ240726","30 April 2017"
"11 FREDERICK STREET, ST PETERS NSW 2044","565000","11 June 2013","139.1","NON STRATA","No",1951529,"AH914925","30 April 2017"
"20 GOODSELL STREET, ST PETERS NSW 2044","1150000","4 June 2016","159","NON STRATA","No",1952369,"AK624958","30 April 2017"
"30 GOODSELL STREET, ST PETERS NSW 2044","1550000","8 July 2016","120.1","NON STRATA","No",1952372,"AK746795","30 April 2017"
"38 GOODSELL STREET, ST PETERS NSW 2044","957000","8 March 2014","113.8","NON STRATA","No",1952376,"AI554965","30 April 2017"
"60 GOODSELL STREET, ST PETERS NSW 2044","1180000","17 September 2015","184.7","NON STRATA","No",1952387,"AK211209","30 April 2017"
"66 GOODSELL STREET, ST PETERS NSW 2044","846000","20 January 2016","120.1","NON STRATA","No",1952390,"AK271231","30 April 2017"
"68 GOODSELL STREET, ST PETERS NSW 2044","631000","14 July 2012","126.5","NON STRATA","No",1952391,"AH193160","30 April 2017"
"70 GOODSELL STREET, ST PETERS NSW 2044","930000","4 June 2016","113.8","NON STRATA","No",1952392,"AK637979","30 April 2017"
"74 GOODSELL STREET, ST PETERS NSW 2044","721000","12 April 2013","158.1","NON STRATA","No",1952394,"AH784334","30 April 2017"
"88 GOODSELL STREET, ST PETERS NSW 2044","1100000","13 December 2014","202.3","NON STRATA","No",1952401,"AJ230635","30 April 2017"
"102 GOODSELL STREET, ST PETERS NSW 2044","1400000","8 February 2017","164.4","NON STRATA","No",1952408,"AM291208","30 April 2017"
"57 GOODSELL STREET, ST PETERS NSW 2044","1181000","18 August 2016","183.4","NON STRATA","No",1952415,"AK805464","30 April 2017"
"57 GOODSELL STREET, ST PETERS NSW 2044","750000","4 April 2013","183.4","NON STRATA","No",1952415,"AH738164","30 April 2017"
"53 GOODSELL STREET, ST PETERS NSW 2044","1317000","3 September 2016","177","NON STRATA","No",1952417,"AK857789","30 April 2017"
"49 GOODSELL STREET, ST PETERS NSW 2044","955000","21 March 2015","183.4","NON STRATA","No",1952419,"AJ593181","30 April 2017"
"45 GOODSELL STREET, ST PETERS NSW 2044","890000","13 December 2014","164.4","NON STRATA","No",1952421,"AJ268514","30 April 2017"
"45 GOODSELL STREET, ST PETERS NSW 2044","810000","14 September 2013","164.4","NON STRATA","No",1952421,"AI133242","30 April 2017"
"41 GOODSELL STREET, ST PETERS NSW 2044","960000","31 October 2015","164.4","NON STRATA","No",1952423,"AK48950","30 April 2017"
"27 GOODSELL STREET, ST PETERS NSW 2044","959000","17 February 2016","151.8","NON STRATA","No",1952430,"AK373373","30 April 2017"
"16 GROVE STREET, ST PETERS NSW 2044","840000","24 April 2015","189.6","NON STRATA","No",1952772,"AJ554617","30 April 2017"
"18 GROVE STREET, ST PETERS NSW 2044","1010000","12 March 2015","189.7","NON STRATA","No",1952773,"AJ520598","30 April 2017"
"46A GROVE STREET, ST PETERS NSW 2044","970000","27 January 2015","290.868","NON STRATA","No",1952786,"AJ368855","30 April 2017"
"78 GROVE STREET, ST PETERS NSW 2044","772000","15 April 2014","126.5","NON STRATA","No",1952791,"AI626108","30 April 2017"
"82 GROVE STREET, ST PETERS NSW 2044","895000","27 February 2014","221.3","NON STRATA","No",1952793,"AI617097","30 April 2017"
"88 GROVE STREET, ST PETERS NSW 2044","770000","26 March 2013","264.69","NON STRATA","No",1952796,"AH723871","30 April 2017"
"92 GROVE STREET, ST PETERS NSW 2044","1455000","13 May 2016","264.69","NON STRATA","No",1952798,"AM16298","30 April 2017"
"94 GROVE STREET, ST PETERS NSW 2044","1550000","31 October 2015","264.69","NON STRATA","No",1952799,"AK52399","30 April 2017"
"41 GROVE STREET, ST PETERS NSW 2044","585000","3 February 2016","269.5","NON STRATA","No",1952804,"AK265079","30 April 2017"
"37 GROVE STREET, ST PETERS NSW 2044","760000","12 May 2012","418.18","NON STRATA","No",1952806,"AH75342","30 April 2017"
"29 GROVE STREET, ST PETERS NSW 2044","675000","30 June 2016","461.6","NON STRATA","No",1952809,"AK581405","30 April 2017"
"11 GROVE STREET, ST PETERS NSW 2044","738000","27 November 2012","183.4","NON STRATA","No",1952814,"AH524250","30 April 2017"
"7 GROVE STREET, ST PETERS NSW 2044","705000","9 July 2012","183.2","NON STRATA","No",1952816,"AH260378","30 April 2017"
"9 HUTCHINSON STREET, ST PETERS NSW 2044","2450000","8 July 2015","576.07","NON STRATA","No",1954374,"AJ865549","30 April 2017"
"11 HUTCHINSON STREET, ST PETERS NSW 2044","3750000","15 July 2015","371.55","NON STRATA","Yes (2)",1954375,"AJ852012","30 April 2017"
"19 HUTCHINSON STREET, ST PETERS NSW 2044","10200000","17 April 2014","3016","NON STRATA","No",1954377,"AI758180","30 April 2017"
"19 HUTCHINSON STREET, ST PETERS NSW 2044","6425000","6 December 2013","3016","NON STRATA","No",1954377,"AI758179","30 April 2017"
"49 HUTCHINSON STREET, ST PETERS NSW 2044","1166000","1 May 2014","374.3","NON STRATA","No",1954383,"AI670637","30 April 2017"
"61 HUTCHINSON STREET, ST PETERS NSW 2044","605000","17 April 2013","116.13","NON STRATA","No",1954388,"AH770903","30 April 2017"
"67 HUTCHINSON STREET, ST PETERS NSW 2044","750000","6 November 2013","113.8","NON STRATA","No",1954391,"AI256540","30 April 2017"
"75 HUTCHINSON STREET, ST PETERS NSW 2044","907500","16 July 2013","371","NON STRATA","No",1954396,"AI133307","30 April 2017"
"77 HUTCHINSON STREET, ST PETERS NSW 2044","897000","15 March 2014","191","NON STRATA","No",1954397,"AI553436","30 April 2017"
"83 HUTCHINSON STREET, ST PETERS NSW 2044","988000","28 March 2015","189.7","NON STRATA","No",1954400,"AJ666053","30 April 2017"
"68 HUTCHINSON STREET, ST PETERS NSW 2044","4900000","15 October 2013","","NON STRATA","Yes (3)",1954406,"AI467532","30 April 2017"
"62 HUTCHINSON STREET, ST PETERS NSW 2044","4900000","15 October 2013","","NON STRATA","Yes (3)",1954407,"AI467532","30 April 2017"
"60 HUTCHINSON STREET, ST PETERS NSW 2044","4900000","15 October 2013","385.6","NON STRATA","Yes (3)",1954408,"AI467532","30 April 2017"
"641 KING STREET, ST PETERS NSW 2044","2200000","19 May 2016","88.5","NON STRATA","Yes (2)",1955936,"AK804204","30 April 2017"
"641 KING STREET, ST PETERS NSW 2044","835000","30 August 2013","88.5","NON STRATA","Yes (2)",1955936,"AH997737","30 April 2017"
"643 KING STREET, ST PETERS NSW 2044","2200000","19 May 2016","94.8","NON STRATA","Yes (2)",1955937,"AK804204","30 April 2017"
"643 KING STREET, ST PETERS NSW 2044","835000","30 August 2013","94.8","NON STRATA","Yes (2)",1955937,"AH997737","30 April 2017"
"675 KING STREET, ST PETERS NSW 2044","710000","12 April 2013","151.8","NON STRATA","No",1955944,"AH820844","30 April 2017"
"671 KING STREET, ST PETERS NSW 2044","1870000","14 October 2015","151.4","NON STRATA","Yes (2)",1955945,"AK128600","30 April 2017"
"673 KING STREET, ST PETERS NSW 2044","1870000","14 October 2015","149.7","NON STRATA","Yes (2)",1955946,"AK128600","30 April 2017"
"16 LACKEY STREET, ST PETERS NSW 2044","2050000","10 March 2016","371.55","NON STRATA","No",1956092,"AK387384","30 April 2017"
"14 LACKEY STREET, ST PETERS NSW 2044","1850000","17 September 2013","371.55","NON STRATA","No",1956093,"AI166167","30 April 2017"
"10 LACKEY STREET, ST PETERS NSW 2044","750000","20 April 2013","160.9","NON STRATA","No",1956095,"AH814095","30 April 2017"
"11 LACKEY STREET, ST PETERS NSW 2044","885000","15 March 2014","139.1","NON STRATA","No",1956103,"AI556444","30 April 2017"
"23 LACKEY STREET, ST PETERS NSW 2044","1125000","16 September 2015","117.04","NON STRATA","No",1956108,"AJ958581","30 April 2017"
"29 LACKEY STREET, ST PETERS NSW 2044","865000","8 December 2014","116.3","NON STRATA","No",1956111,"AJ236412","30 April 2017"
"31 LACKEY STREET, ST PETERS NSW 2044","862000","23 November 2013","116.3","NON STRATA","No",1956112,"AI277651","30 April 2017"
"33 LACKEY STREET, ST PETERS NSW 2044","925000","20 June 2014","117.04","NON STRATA","No",1956113,"AI800340","30 April 2017"
"35 LACKEY STREET, ST PETERS NSW 2044","1250000","12 June 2015","120.7","NON STRATA","No",1956114,"AJ694080","30 April 2017"
"37 LACKEY STREET, ST PETERS NSW 2044","1003000","16 July 2016","106.2","NON STRATA","No",1956116,"AK767985","30 April 2017"
"41 LACKEY STREET, ST PETERS NSW 2044","1220000","23 May 2015","101.2","NON STRATA","No",1956118,"AJ649015","30 April 2017"
"43 LACKEY STREET, ST PETERS NSW 2044","996500","16 August 2014","101.2","NON STRATA","No",1956119,"AI985527","30 April 2017"
"49 LACKEY STREET, ST PETERS NSW 2044","1178000","15 November 2016","94.9","NON STRATA","No",1956122,"AM102397","30 April 2017"
"51 LACKEY STREET, ST PETERS NSW 2044","925000","12 October 2013","94.9","NON STRATA","No",1956123,"AI196787","30 April 2017"
"53 LACKEY STREET, ST PETERS NSW 2044","910000","28 April 2014","91.1","NON STRATA","No",1956124,"AI644338","30 April 2017"
"28 MARY STREET, ST PETERS NSW 2044","1290000","30 July 2014","297.33","NON STRATA","No",1958965,"AI900325","30 April 2017"
"50 MARY STREET, ST PETERS NSW 2044","132500","3 July 2013","236.3","NON STRATA","No",1958975,"AI42782","30 April 2017"
"58 MARY STREET, ST PETERS NSW 2044","670000","27 April 2013","232.3","NON STRATA","No",1958978,"AH811150","30 April 2017"
"60 MARY STREET, ST PETERS NSW 2044","9100000","22 December 2015","5513","NON STRATA","No",1958979,"AK350794","30 April 2017"
"73 MARY STREET, ST PETERS NSW 2044","12100000","6 September 2013","13330","NON STRATA","No",1958981,"AI151214","30 April 2017"
"67 MARY STREET, ST PETERS NSW 2044","830000","22 February 2014","369","NON STRATA","No",1958984,"AI558100","30 April 2017"
"57 MARY STREET, ST PETERS NSW 2044","695000","29 June 2013","164.8","NON STRATA","No",1958986,"AH959478","30 April 2017"
"53 MARY STREET, ST PETERS NSW 2044","860000","26 August 2014","139.3","NON STRATA","No",1958988,"AI956666","30 April 2017"
"47 MARY STREET, ST PETERS NSW 2044","930000","18 March 2016","204.66","NON STRATA","No",1958991,"AK412272","30 April 2017"
"39 MARY STREET, ST PETERS NSW 2044","751000","16 May 2013","202.3","NON STRATA","No",1958995,"AH856374","30 April 2017"
"33 MARY STREET, ST PETERS NSW 2044","780000","29 November 2014","202.3","NON STRATA","No",1958998,"AJ154743","30 April 2017"
"3 MAY STREET, ST PETERS NSW 2044","713000","11 October 2014","101.2","NON STRATA","No",1959026,"AJ80641","30 April 2017"
"2/17 MAY STREET, ST PETERS NSW 2044","1400000","28 May 2015","0","STRATA","No","1959031","AJ781928","30 April 2017"
"1/23 MAY STREET, ST PETERS NSW 2044","3500000","1 September 2015","0","STRATA","No","1959037","AK188700","30 April 2017"
"2/23 MAY STREET, ST PETERS NSW 2044","3500000","1 September 2015","0","STRATA","No","1959038","AK188693","30 April 2017"
"51 MAY STREET, ST PETERS NSW 2044","1270000","14 May 2013","594.4","NON STRATA","No",1959049,"AH864291","30 April 2017"
"57 MAY STREET, ST PETERS NSW 2044","1300000","17 October 2016","215","NON STRATA","No",1959051,"AM5606","30 April 2017"
"107 MAY STREET, ST PETERS NSW 2044","688000","6 February 2013","145.9","NON STRATA","No",1959054,"AH633156","30 April 2017"
"36 MAY STREET, ST PETERS NSW 2044","3750000","15 July 2015","366.7","NON STRATA","Yes (2)",1959067,"AJ852012","30 April 2017"
"58 MAY STREET, ST PETERS NSW 2044","1250000","15 October 2013","307.7","NON STRATA","No",1959070,"AI285596","30 April 2017"
"64 MAY STREET, ST PETERS NSW 2044","940000","31 December 2014","126.5","NON STRATA","No",1959072,"AJ947332","30 April 2017"
"66 MAY STREET, ST PETERS NSW 2044","810000","26 June 2015","158.1","NON STRATA","No",1959073,"AJ910415","30 April 2017"
"82 MAY STREET, ST PETERS NSW 2044","1800000","14 October 2014","380.3","NON STRATA","No",1959079,"AJ148696","30 April 2017"
"90 MAY STREET, ST PETERS NSW 2044","1370000","16 October 2013","371.55","NON STRATA","No",1959081,"AI259461","30 April 2017"
"102A MAY STREET, ST PETERS NSW 2044","950000","24 September 2012","371.55","NON STRATA","No",1959087,"AH782287","30 April 2017"
"128 MAY STREET, ST PETERS NSW 2044","870000","19 December 2014","189.7","NON STRATA","No",1959097,"AJ230057","30 April 2017"
"128 MAY STREET, ST PETERS NSW 2044","691000","14 September 2013","189.7","NON STRATA","No",1959097,"AI121808","30 April 2017"
"47 PRINCES HIGHWAY, ST PETERS NSW 2044","10650000","7 August 2015","106.9","NON STRATA","Yes (3)",1963173,"AJ848644","30 April 2017"
"49 PRINCES HIGHWAY, ST PETERS NSW 2044","10650000","7 August 2015","111.5","NON STRATA","Yes (3)",1963174,"AJ848644","30 April 2017"
"51 PRINCES HIGHWAY, ST PETERS NSW 2044","10650000","7 August 2015","2277","NON STRATA","Yes (3)",1963175,"AJ848644","30 April 2017"
"73 PRINCES HIGHWAY, ST PETERS NSW 2044","2900000","6 June 2014","588","NON STRATA","Yes (2)",1963178,"AJ246031","30 April 2017"
"81 PRINCES HIGHWAY, ST PETERS NSW 2044","2900000","6 June 2014","151.8","NON STRATA","Yes (2)",1963179,"AJ246031","30 April 2017"
"83 PRINCES HIGHWAY, ST PETERS NSW 2044","1100000","10 May 2013","371.55","NON STRATA","No",1963180,"AI4387","30 April 2017"
"129 PRINCES HIGHWAY, ST PETERS NSW 2044","5000000","1 April 2015","4181","NON STRATA","No",1963187,"AJ404460","30 April 2017"
"143 PRINCES HIGHWAY, ST PETERS NSW 2044","926493","20 June 2016","953","NON STRATA","No",1963190,"AK596691","30 April 2017"
"175 PRINCES HIGHWAY, ST PETERS NSW 2044","500000","6 February 2015","170.7","NON STRATA","No",1963197,"AJ337228","30 April 2017"
"311 PRINCES HIGHWAY, ST PETERS NSW 2044","950000","28 May 2016","290.2","NON STRATA","No",1963214,"AK626394","30 April 2017"
"600 PRINCES HIGHWAY, ST PETERS NSW 2044","1720000","4 July 2016","957.2","NON STRATA","No",1963352,"AK669060","30 April 2017"
"598 PRINCES HIGHWAY, ST PETERS NSW 2044","2150000","31 July 2014","954.9","NON STRATA","Yes (2)",1963353,"AI884520","30 April 2017"
"580 PRINCES HIGHWAY, ST PETERS NSW 2044","3975000","23 August 2013","1858","NON STRATA","No",1963356,"AI419779","30 April 2017"
"380 PRINCES HIGHWAY, ST PETERS NSW 2044","2828000","11 June 2015","876.5","NON STRATA","No",1963364,"AJ817049","30 April 2017"
"378 PRINCES HIGHWAY, ST PETERS NSW 2044","786500","12 December 2013","322.5","NON STRATA","No",1963365,"AI407967","30 April 2017"
"376 PRINCES HIGHWAY, ST PETERS NSW 2044","1292500","24 February 2015","333.3","NON STRATA","No",1963366,"AJ474191","30 April 2017"
"138 PRINCES HIGHWAY, ST PETERS NSW 2044","1260011","18 February 2016","134.7","NON STRATA","No",1963384,"AK362245","30 April 2017"
"134 PRINCES HIGHWAY, ST PETERS NSW 2044","1386713","28 April 2016","107.5","NON STRATA","No",1963386,"AK573406","30 April 2017"
"132 PRINCES HIGHWAY, ST PETERS NSW 2044","1167370","19 April 2016","118.8","NON STRATA","No",1963387,"AK511012","30 April 2017"
"124 PRINCES HIGHWAY, ST PETERS NSW 2044","1163095","15 April 2016","132.8","NON STRATA","No",1963391,"AK601706","30 April 2017"
"122 PRINCES HIGHWAY, ST PETERS NSW 2044","1401700","9 March 2015","290.9","NON STRATA","No",1963392,"AJ397929","30 April 2017"
"84 PRINCES HIGHWAY, ST PETERS NSW 2044","4050000","12 June 2014","961.1","NON STRATA","No",1963395,"AI893674","30 April 2017"
"42 PRINCES HIGHWAY, ST PETERS NSW 2044","2460000","6 February 2015","499.6","NON STRATA","No",1963398,"AK30654","30 April 2017"
"38 PRINCES HIGHWAY, ST PETERS NSW 2044","5740000","6 February 2015","757.3","NON STRATA","No",1963399,"AK30643","30 April 2017"
"9 ROBERTS STREET, ST PETERS NSW 2044","1010000","15 October 2015","264.69","NON STRATA","No",1964538,"AK15445","30 April 2017"
"19 ROBERTS STREET, ST PETERS NSW 2044","1151500","2 October 2014","265.6","NON STRATA","No",1964540,"AJ55366","30 April 2017"
"41 ROBERTS STREET, ST PETERS NSW 2044","1500000","15 October 2016","452.2","NON STRATA","No",1964550,"AK999670","30 April 2017"
"43 ROBERTS STREET, ST PETERS NSW 2044","800000","20 September 2013","480.6","NON STRATA","No",1964551,"AI151215","30 April 2017"
"9 ST PETERS STREET, ST PETERS NSW 2044","1800000","26 November 2016","778","NON STRATA","No",1964837,"AM159978","30 April 2017"
"2 ST PETERS STREET, ST PETERS NSW 2044","1667585","15 April 2016","556.1","NON STRATA","No",1964854,"AK693885","30 April 2017"
"8/2 SILVER STREET, ST PETERS NSW 2044","608000","15 August 2016","0","STRATA","No","1965752","AK839247","30 April 2017"
"2/2 SILVER STREET, ST PETERS NSW 2044","520000","28 July 2015","0","STRATA","No","1965746","AJ825745","30 April 2017"
"6/2 SILVER STREET, ST PETERS NSW 2044","490000","26 February 2015","0","STRATA","No","1965750","AJ407119","30 April 2017"
"8/2 SILVER STREET, ST PETERS NSW 2044","490000","9 August 2013","0","STRATA","No","1965752","AI148449","30 April 2017"
"28 SILVER STREET, ST PETERS NSW 2044","1260000","20 June 2015","297.2","NON STRATA","No",1965761,"AJ722579","30 April 2017"
"68 SILVER STREET, ST PETERS NSW 2044","300000","13 November 2013","338.6","NON STRATA","No",1965771,"AI188080","30 April 2017"
"72 SILVER STREET, ST PETERS NSW 2044","936000","2 March 2013","360.4","NON STRATA","No",1965773,"AH690109","30 April 2017"
"76 SILVER STREET, ST PETERS NSW 2044","1200000","29 October 2015","316.2","NON STRATA","No",1965775,"AK157165","30 April 2017"
"80 SILVER STREET, ST PETERS NSW 2044","997000","3 May 2014","151.8","NON STRATA","No",1965777,"AI680928","30 April 2017"
"103 SILVER STREET, ST PETERS NSW 2044","1187000","9 December 2016","189.7","NON STRATA","No",1965794,"AM147589","30 April 2017"
"103 SILVER STREET, ST PETERS NSW 2044","962000","6 June 2015","189.7","NON STRATA","No",1965794,"AJ680337","30 April 2017"
"59 SILVER STREET, ST PETERS NSW 2044","930000","21 October 2015","297","NON STRATA","No",1965808,"AK132384","30 April 2017"
"21 SILVER STREET, ST PETERS NSW 2044","2150000","6 April 2013","1554.1","NON STRATA","No",1965820,"AH755097","30 April 2017"
"7/13 SILVER STREET, ST PETERS NSW 2044","450500","15 April 2016","0","STRATA","No","1965827","AK486071","30 April 2017"
"3 SILVER STREET, ST PETERS NSW 2044","1430000","4 November 2016","265.6","NON STRATA","No",1965833,"AM154207","30 April 2017"
"3 SILVER STREET, ST PETERS NSW 2044","1125000","14 February 2015","265.6","NON STRATA","No",1965833,"AJ390119","30 April 2017"
"18 SUTHERLAND STREET, ST PETERS NSW 2044","1050000","17 July 2013","290.868","NON STRATA","No",1966940,"AH988088","30 April 2017"
"36 SUTHERLAND STREET, ST PETERS NSW 2044","775000","8 September 2012","290.868","NON STRATA","No",1966948,"AH422214","30 April 2017"
"52 SUTHERLAND STREET, ST PETERS NSW 2044","1355000","19 March 2016","284.5","NON STRATA","No",1966951,"AK526511","30 April 2017"
"93 SUTHERLAND STREET, ST PETERS NSW 2044","1300000","21 October 2016","292.48","NON STRATA","No",1966967,"AK977283","30 April 2017"
"85 SUTHERLAND STREET, ST PETERS NSW 2044","350000","2 September 2013","259.3","NON STRATA","No",1966970,"AI8800","30 April 2017"
"81 SUTHERLAND STREET, ST PETERS NSW 2044","926000","9 August 2014","265.2","NON STRATA","No",1966972,"AI954968","30 April 2017"
"33 SUTHERLAND STREET, ST PETERS NSW 2044","825000","22 November 2013","144.2","NON STRATA","No",1966992,"AI340730","30 April 2017"
"31 SUTHERLAND STREET, ST PETERS NSW 2044","575000","22 August 2016","290.868","NON STRATA","No",1966993,"AK823212","30 April 2017"
"25 SUTHERLAND STREET, ST PETERS NSW 2044","995000","7 June 2015","121.9","NON STRATA","No",1966996,"AJ684720","30 April 2017"
"23 SUTHERLAND STREET, ST PETERS NSW 2044","950000","20 October 2015","132.5","NON STRATA","No",1966997,"AK218453","30 April 2017"
"5 SUTHERLAND STREET, ST PETERS NSW 2044","1500000","31 October 2013","581.736","NON STRATA","No",1967001,"AI581737","30 April 2017"
"3 SUTHERLAND STREET, ST PETERS NSW 2044","805000","10 April 2014","158.1","NON STRATA","No",1967002,"AI625053","30 April 2017"
"1 SUTHERLAND STREET, ST PETERS NSW 2044","805000","25 July 2015","126.5","NON STRATA","No",1967003,"AJ803077","30 April 2017"
"1 SUTHERLAND STREET, ST PETERS NSW 2044","636000","12 October 2013","126.5","NON STRATA","No",1967003,"AI209282","30 April 2017"
"2 TALBOT STREET, ST PETERS NSW 2044","2150000","31 July 2014","714","NON STRATA","Yes (2)",1967302,"AI884520","30 April 2017"
"278 UNWINS BRIDGE ROAD, ST PETERS NSW 2044","1000000","15 September 2014","154.28","NON STRATA","No",1969015,"AJ449380","30 April 2017"
"160 UNWINS BRIDGE ROAD, ST PETERS NSW 2044","1470000","22 December 2015","341.5","NON STRATA","No",1969066,"AK216602","30 April 2017"
"154 UNWINS BRIDGE ROAD, ST PETERS NSW 2044","710000","1 June 2012","240.3","NON STRATA","No",1969069,"AH125573","30 April 2017"
"148 UNWINS BRIDGE ROAD, ST PETERS NSW 2044","666000","17 February 2014","170.7","NON STRATA","No",1969072,"AI511704","30 April 2017"
"144 UNWINS BRIDGE ROAD, ST PETERS NSW 2044","920000","28 November 2015","178.92","NON STRATA","No",1969074,"AK160582","30 April 2017"
"144 UNWINS BRIDGE ROAD, ST PETERS NSW 2044","660000","3 July 2012","178.92","NON STRATA","No",1969074,"AH242914","30 April 2017"
"140 UNWINS BRIDGE ROAD, ST PETERS NSW 2044","635000","6 November 2012","178.92","NON STRATA","No",1969076,"AH444116","30 April 2017"
"138 UNWINS BRIDGE ROAD, ST PETERS NSW 2044","715000","19 October 2013","177","NON STRATA","No",1969077,"AI221675","30 April 2017"
"136 UNWINS BRIDGE ROAD, ST PETERS NSW 2044","660000","4 August 2012","177","NON STRATA","No",1969078,"AH257317","30 April 2017"
"128 UNWINS BRIDGE ROAD, ST PETERS NSW 2044","1210000","21 February 2017","232.26","NON STRATA","No",1969082,"AM312290","30 April 2017"
"122 UNWINS BRIDGE ROAD, ST PETERS NSW 2044","600000","15 July 2015","232.26","NON STRATA","No",1969085,"AJ722440","30 April 2017"
"116 UNWINS BRIDGE ROAD, ST PETERS NSW 2044","1117000","31 August 2013","454","NON STRATA","No",1969087,"AI132582","30 April 2017"
"70 UNWINS BRIDGE ROAD, ST PETERS NSW 2044","1025000","14 June 2016","255.4","NON STRATA","No",1969110,"AK728309","30 April 2017"
"68 UNWINS BRIDGE ROAD, ST PETERS NSW 2044","970000","5 September 2014","227.6","NON STRATA","No",1969111,"AJ5589","30 April 2017"
"40 UNWINS BRIDGE ROAD, ST PETERS NSW 2044","870000","29 November 2014","384.5","NON STRATA","No",1969125,"AJ187196","30 April 2017"
"32 UNWINS BRIDGE ROAD, ST PETERS NSW 2044","997000","27 February 2014","480.9","NON STRATA","No",1969129,"AI516943","30 April 2017"
"2 UNWINS BRIDGE ROAD, ST PETERS NSW 2044","1800000","20 March 2015","379.4","NON STRATA","No",1969143,"AK96797","30 April 2017"
"13/63 UNWINS BRIDGE ROAD, ST PETERS NSW 2044","447000","7 December 2016","0","STRATA","No","1969174","AM167867","30 April 2017"
"10/63 UNWINS BRIDGE ROAD, ST PETERS NSW 2044","468500","8 August 2015","0","STRATA","No","1969171","AJ857992","30 April 2017"
"6/63 UNWINS BRIDGE ROAD, ST PETERS NSW 2044","330000","11 September 2013","0","STRATA","No","1969167","AI130277","30 April 2017"
"9/63 UNWINS BRIDGE ROAD, ST PETERS NSW 2044","300000","10 August 2013","0","STRATA","No","1969170","AI48752","30 April 2017"
"56 BROWN STREET, ST PETERS NSW 2044","950000","18 March 2016","199.9","NON STRATA","No",2782384,"AK405685","30 April 2017"
"6 GOODSELL STREET, ST PETERS NSW 2044","855000","13 March 2014","93.92","NON STRATA","No",2782453,"AI614613","30 April 2017"
"201/4 APPLEBEE STREET, ST PETERS NSW 2044","1100000","17 September 2016","0","STRATA","No","2963692","AK939438","30 April 2017"
"402/7 PRINCES HIGHWAY, ST PETERS NSW 2044","708000","27 May 2016","0","STRATA","No","2963655","AK603705","30 April 2017"
"204/1 PRINCES HIGHWAY, ST PETERS NSW 2044","835000","7 May 2016","0","STRATA","No","2963677","AK522776","30 April 2017"
"302/7 PRINCES HIGHWAY, ST PETERS NSW 2044","700000","13 April 2016","0","STRATA","No","2963777","AK485351","30 April 2017"
"301/1 PRINCES HIGHWAY, ST PETERS NSW 2044","668000","9 December 2015","0","STRATA","No","2963678","AK170877","30 April 2017"
"2/8 APPLEBEE STREET, ST PETERS NSW 2044","720000","19 November 2015","0","STRATA","No","2963695","AK163301","30 April 2017"
"1/2 APPLEBEE STREET, ST PETERS NSW 2044","760000","29 October 2015","0","STRATA","No","2963694","AK92636","30 April 2017"
"203/13 PRINCES HIGHWAY, ST PETERS NSW 2044","715000","18 September 2015","0","STRATA","No","2963741","AJ928047","30 April 2017"
"5/21 PRINCES HIGHWAY, ST PETERS NSW 2044","400000","10 July 2015","0","STRATA","No","2963705","AJ709344","30 April 2017"
"102/1 PRINCES HIGHWAY, ST PETERS NSW 2044","656000","21 March 2015","0","STRATA","No","2963670","AJ476769","30 April 2017"
"6/21 PRINCES HIGHWAY, ST PETERS NSW 2044","615000","20 December 2014","0","STRATA","No","2963707","AJ244775","30 April 2017"
"203/1 PRINCES HIGHWAY, ST PETERS NSW 2044","610000","14 December 2014","0","STRATA","No","2963675","AJ241201","30 April 2017"
"204/7 PRINCES HIGHWAY, ST PETERS NSW 2044","646500","15 November 2014","0","STRATA","No","2963773","AJ151994","30 April 2017"
"202/2 APPLEBEE STREET, ST PETERS NSW 2044","797000","11 November 2014","0","STRATA","No","2963700","AJ161496","30 April 2017"
"506/7 PRINCES HIGHWAY, ST PETERS NSW 2044","684000","30 October 2014","0","STRATA","No","2963666","AJ128703","30 April 2017"
"2/2 APPLEBEE STREET, ST PETERS NSW 2044","670000","29 September 2014","0","STRATA","No","2963696","AJ39842","30 April 2017"
"301/13 PRINCES HIGHWAY, ST PETERS NSW 2044","590000","23 July 2014","0","STRATA","No","2963745","AI879386","30 April 2017"
"102/8 APPLEBEE STREET, ST PETERS NSW 2044","636000","26 June 2014","0","STRATA","No","2963717","AI805840","30 April 2017"
"1/4 APPLEBEE STREET, ST PETERS NSW 2044","691000","20 March 2014","0","STRATA","No","2963687","AI590414","30 April 2017"
"305/13 PRINCES HIGHWAY, ST PETERS NSW 2044","571000","14 March 2014","0","STRATA","No","2963749","AI539016","30 April 2017"
"201/1 PRINCES HIGHWAY, ST PETERS NSW 2044","555000","28 October 2013","0","STRATA","No","2963673","AI244748","30 April 2017"
"106/13 PRINCES HIGHWAY, ST PETERS NSW 2044","549000","19 October 2013","0","STRATA","No","2963737","AI221181","30 April 2017"
"404/13 PRINCES HIGHWAY, ST PETERS NSW 2044","525000","19 March 2013","0","STRATA","No","2963755","AH679426","30 April 2017"
"301/21 PRINCES HIGHWAY, ST PETERS NSW 2044","492500","7 December 2012","0","STRATA","No","2963721","AH537129","30 April 2017"
"504/7 PRINCES HIGHWAY, ST PETERS NSW 2044","502000","1 November 2012","0","STRATA","No","2963663","AH442489","30 April 2017"
"202/8 APPLEBEE STREET, ST PETERS NSW 2044","669000","27 September 2012","0","STRATA","No","2963739","AH379465","30 April 2017"
"104/13 PRINCES HIGHWAY, ST PETERS NSW 2044","478000","26 September 2012","0","STRATA","No","2963735","AH353348","30 April 2017"
"502/7 PRINCES HIGHWAY, ST PETERS NSW 2044","496500","5 September 2012","0","STRATA","No","2963661","AH352609","30 April 2017"
"102/21 PRINCES HIGHWAY, ST PETERS NSW 2044","484000","13 August 2012","0","STRATA","No","2963709","AH323361","30 April 2017"
"3/21 PRINCES HIGHWAY, ST PETERS NSW 2044","490000","10 August 2012","0","STRATA","No","2963703","AH464975","30 April 2017"
"102/6 APPLEBEE STREET, ST PETERS NSW 2044","545000","2 August 2012","0","STRATA","No","2963654","AH222530","30 April 2017"
"2/4 APPLEBEE STREET, ST PETERS NSW 2044","573000","25 July 2012","0","STRATA","No","2963689","AH233110","30 April 2017"
"103/21 PRINCES HIGHWAY, ST PETERS NSW 2044","485000","12 July 2012","0","STRATA","No","2963710","AH210845","30 April 2017"
"203/21 PRINCES HIGHWAY, ST PETERS NSW 2044","480000","27 June 2012","0","STRATA","No","2963716","AH178933","30 April 2017"
"205/21 PRINCES HIGHWAY, ST PETERS NSW 2044","490000","20 June 2012","0","STRATA","No","2963719","AH180224","30 April 2017"
"305/7 PRINCES HIGHWAY, ST PETERS NSW 2044","500000","31 May 2012","0","STRATA","No","2963780","AH117615","30 April 2017"
"303/1 PRINCES HIGHWAY, ST PETERS NSW 2044","510000","10 May 2012","0","STRATA","No","2963680","AH43608","30 April 2017"
"203/7 PRINCES HIGHWAY, ST PETERS NSW 2044","478000","7 May 2012","0","STRATA","No","2963771","AH57791","30 April 2017"
"30B SUTHERLAND STREET, ST PETERS NSW 2044","935000","8 November 2013","160","NON STRATA","No",3024909,"AI430059","30 April 2017"
"30C SUTHERLAND STREET, ST PETERS NSW 2044","825000","25 September 2012","160","NON STRATA","No",3024910,"AH362408","30 April 2017"
"91B CHURCH STREET, ST PETERS NSW 2044","850000","15 November 2012","198.5","NON STRATA","No",3040540,"AH454373","30 April 2017"
"85 CHURCH STREET, ST PETERS NSW 2044","1250000","4 March 2016","202.5","NON STRATA","No",3081796,"AK546774","30 April 2017"
"89 CHURCH STREET, ST PETERS NSW 2044","1212000","18 October 2014","201.8","NON STRATA","No",3081798,"AJ137075","30 April 2017"
"22A ALFRED STREET, ST PETERS NSW 2044","870000","29 June 2012","237.3","NON STRATA","No",3093271,"AH177444","30 April 2017"
"9/14 MARY STREET, ST PETERS NSW 2044","920000","11 December 2015","0","STRATA","No","3098155","AK75772","30 April 2017"
"5/14 MARY STREET, ST PETERS NSW 2044","1015000","8 December 2014","0","STRATA","No","3098151","AJ225277","30 April 2017"
"1/14 MARY STREET, ST PETERS NSW 2044","1000000","23 April 2014","0","STRATA","No","3098147","AI647952","30 April 2017"
"5/2 BISHOP STREET, ST PETERS NSW 2044","645000","5 December 2016","0","STRATA","No","3106916","AM112650","30 April 2017"
"2/2 BISHOP STREET, ST PETERS NSW 2044","935000","4 March 2016","0","STRATA","No","3106896","AK314499","30 April 2017"
"8/2 BISHOP STREET, ST PETERS NSW 2044","813200","11 November 2015","0","STRATA","No","3106919","AK65189","30 April 2017"
"5/2 BISHOP STREET, ST PETERS NSW 2044","635000","26 March 2015","0","STRATA","No","3106916","AJ477459","30 April 2017"
"12/2 BISHOP STREET, ST PETERS NSW 2044","418000","28 January 2015","0","STRATA","No","3106888","AJ361345","30 April 2017"
"1/2 BISHOP STREET, ST PETERS NSW 2044","632500","8 July 2014","0","STRATA","No","3106885","AI842122","30 April 2017"
"24/2 BISHOP STREET, ST PETERS NSW 2044","400000","10 June 2014","0","STRATA","No","3106901","AI804990","30 April 2017"
"9/2 BISHOP STREET, ST PETERS NSW 2044","450000","22 May 2014","0","STRATA","No","3106920","AI822111","30 April 2017"
"14/2 BISHOP STREET, ST PETERS NSW 2044","490000","23 December 2013","0","STRATA","No","3106890","AI363544","30 April 2017"
"28/2 BISHOP STREET, ST PETERS NSW 2044","490000","17 September 2013","0","STRATA","No","3106905","AI201531","30 April 2017"
"29/2 BISHOP STREET, ST PETERS NSW 2044","490000","17 September 2013","0","STRATA","No","3106906","AI201511","30 April 2017"
"19/2 BISHOP STREET, ST PETERS NSW 2044","530000","27 May 2013","0","STRATA","No","3106895","AH899568","30 April 2017"
"1/36 ALBERT STREET, ST PETERS NSW 2044","816567","8 November 2016","0","STRATA","No","3106924","AM29141","30 April 2017"
"2/36 ALBERT STREET, ST PETERS NSW 2044","977239","8 November 2016","0","STRATA","No","3106925","AM29232","30 April 2017"
"3/36 ALBERT STREET, ST PETERS NSW 2044","1017804","8 November 2016","0","STRATA","No","3106926","AM29236","30 April 2017"
"4/159 PRINCES HIGHWAY, ST PETERS NSW 2044","932000","18 February 2017","0","STRATA","No","3206671","AM315430","30 April 2017"
"52/159 PRINCES HIGHWAY, ST PETERS NSW 2044","481000","8 July 2016","0","STRATA","No","3206719","AK725984","30 April 2017"
"48/159 PRINCES HIGHWAY, ST PETERS NSW 2044","512000","4 June 2016","0","STRATA","No","3206715","AK618256","30 April 2017"
"36/159 PRINCES HIGHWAY, ST PETERS NSW 2044","725000","3 June 2016","0","STRATA","No","3206703","AK735566","30 April 2017"
"33/159 PRINCES HIGHWAY, ST PETERS NSW 2044","466500","2 April 2016","0","STRATA","No","3206700","AK476864","30 April 2017"
"27/159 PRINCES HIGHWAY, ST PETERS NSW 2044","620000","17 February 2016","0","STRATA","No","3206694","AK345273","30 April 2017"
"57/159 PRINCES HIGHWAY, ST PETERS NSW 2044","615000","8 September 2015","0","STRATA","No","3206724","AJ935436","30 April 2017"
"36/159 PRINCES HIGHWAY, ST PETERS NSW 2044","605000","4 July 2015","0","STRATA","No","3206703","AJ810887","30 April 2017"
"20/159 PRINCES HIGHWAY, ST PETERS NSW 2044","465000","7 May 2015","0","STRATA","No","3206687","AJ635087","30 April 2017"
"16/159 PRINCES HIGHWAY, ST PETERS NSW 2044","475000","2 May 2015","0","STRATA","No","3206683","AJ581622","30 April 2017"
"32/159 PRINCES HIGHWAY, ST PETERS NSW 2044","470000","27 April 2015","0","STRATA","No","3206699","AJ571223","30 April 2017"
"25/159 PRINCES HIGHWAY, ST PETERS NSW 2044","626000","19 December 2014","0","STRATA","No","3206692","AJ219182","30 April 2017"
"52/159 PRINCES HIGHWAY, ST PETERS NSW 2044","440000","26 July 2014","0","STRATA","No","3206719","AI895256","30 April 2017"
"30/159 PRINCES HIGHWAY, ST PETERS NSW 2044","665000","23 July 2014","0","STRATA","No","3206697","AI876721","30 April 2017"
"4/159 PRINCES HIGHWAY, ST PETERS NSW 2044","720000","18 July 2014","0","STRATA","No","3206671","AI873367","30 April 2017"
"2/159 PRINCES HIGHWAY, ST PETERS NSW 2044","780000","17 May 2014","0","STRATA","No","3206669","AI710054","30 April 2017"
"47/159 PRINCES HIGHWAY, ST PETERS NSW 2044","435000","3 April 2014","0","STRATA","No","3206714","AI654046","30 April 2017"
"57/159 PRINCES HIGHWAY, ST PETERS NSW 2044","430000","28 March 2014","0","STRATA","No","3206724","AI591342","30 April 2017"
"59/159 PRINCES HIGHWAY, ST PETERS NSW 2044","404000","14 December 2013","0","STRATA","No","3206726","AI369375","30 April 2017"
"18/159 PRINCES HIGHWAY, ST PETERS NSW 2044","380000","3 October 2013","0","STRATA","No","3206685","AI178594","30 April 2017"
"6/159 PRINCES HIGHWAY, ST PETERS NSW 2044","609000","17 July 2013","0","STRATA","No","3206673","AI24399","30 April 2017"
"24/159 PRINCES HIGHWAY, ST PETERS NSW 2044","529500","10 April 2013","0","STRATA","No","3206691","AH766920","30 April 2017"
"28/159 PRINCES HIGHWAY, ST PETERS NSW 2044","378000","16 February 2013","0","STRATA","No","3206695","AH655784","30 April 2017"
"15/159 PRINCES HIGHWAY, ST PETERS NSW 2044","365000","8 December 2012","0","STRATA","No","3206682","AH678221","30 April 2017"
"3/159 PRINCES HIGHWAY, ST PETERS NSW 2044","575000","20 November 2012","0","STRATA","No","3206670","AH574585","30 April 2017"
"48/159 PRINCES HIGHWAY, ST PETERS NSW 2044","370000","12 October 2012","0","STRATA","No","3206715","AH421859","30 April 2017"
"25/159 PRINCES HIGHWAY, ST PETERS NSW 2044","130000","14 May 2012","0","STRATA","No","3206692","AH25379","30 April 2017"
"11 EDITH STREET, ST PETERS NSW 2044","1260000","9 October 2014","271.1","NON STRATA","No",3288284,"AJ165579","30 April 2017"
"48 ALFRED STREET, ST PETERS NSW 2044","1550000","31 October 2015","234.6","NON STRATA","No",3314119,"AK63320","30 April 2017"
"97 CHURCH STREET, ST PETERS NSW 2044","378000","18 August 2012","282.9","NON STRATA","No",3329361,"AH297493","30 April 2017"
"30/1 GOODSELL STREET, ST PETERS NSW 2044","840000","11 November 2016","0","STRATA","No","3334891","AM153736","30 April 2017"
"4/1 GOODSELL STREET, ST PETERS NSW 2044","920000","3 September 2016","0","STRATA","No","3334865","AK864924","30 April 2017"
"15/1 GOODSELL STREET, ST PETERS NSW 2044","895000","31 August 2016","0","STRATA","No","3334876","AK865482","30 April 2017"
"39/1 GOODSELL STREET, ST PETERS NSW 2044","725000","25 February 2016","0","STRATA","No","3334900","AK370939","30 April 2017"
"25/1 GOODSELL STREET, ST PETERS NSW 2044","945000","16 July 2015","0","STRATA","No","3334886","AJ837959","30 April 2017"
"14/1 GOODSELL STREET, ST PETERS NSW 2044","802000","10 July 2015","0","STRATA","No","3334875","AJ776984","30 April 2017"
"27/1 GOODSELL STREET, ST PETERS NSW 2044","820000","20 June 2015","0","STRATA","No","3334888","AJ685791","30 April 2017"
"33/1 GOODSELL STREET, ST PETERS NSW 2044","795000","18 February 2015","0","STRATA","No","3334894","AJ400187","30 April 2017"
"12/1 GOODSELL STREET, ST PETERS NSW 2044","813700","29 October 2014","0","STRATA","No","3334873","AJ121171","30 April 2017"
"31/1 GOODSELL STREET, ST PETERS NSW 2044","670000","31 May 2014","0","STRATA","No","3334892","AI699914","30 April 2017"
"35/1 GOODSELL STREET, ST PETERS NSW 2044","710000","31 May 2014","0","STRATA","No","3334896","AI750894","30 April 2017"
"32/1 GOODSELL STREET, ST PETERS NSW 2044","745000","14 April 2014","0","STRATA","No","3334893","AI603855","30 April 2017"
"19/1 GOODSELL STREET, ST PETERS NSW 2044","512000","1 March 2014","0","STRATA","No","3334880","AI590646","30 April 2017"
"42/1 GOODSELL STREET, ST PETERS NSW 2044","295000","27 February 2014","0","STRATA","No","3334903","AI688845","30 April 2017"
"33/1 GOODSELL STREET, ST PETERS NSW 2044","750000","22 February 2014","0","STRATA","No","3334894","AI524173","30 April 2017"
"12/1 GOODSELL STREET, ST PETERS NSW 2044","721000","30 November 2013","0","STRATA","No","3334873","AI340733","30 April 2017"
"41/1 GOODSELL STREET, ST PETERS NSW 2044","695000","20 September 2013","0","STRATA","No","3334902","AI225456","30 April 2017"
"36/1 GOODSELL STREET, ST PETERS NSW 2044","600000","21 February 2013","0","STRATA","No","3334897","AH633733","30 April 2017"
"37/1 GOODSELL STREET, ST PETERS NSW 2044","500000","23 November 2012","0","STRATA","No","3334898","AH501680","30 April 2017"
"28/1 GOODSELL STREET, ST PETERS NSW 2044","440000","17 September 2012","0","STRATA","No","3334889","AH386019","30 April 2017"
"38/1 GOODSELL STREET, ST PETERS NSW 2044","470000","8 May 2012","0","STRATA","No","3334899","AH23636","30 April 2017"
"11/45 APPLEBEE STREET, ST PETERS NSW 2044","505000","26 October 2015","0","STRATA","No","3370973","AK11448","30 April 2017"
"10/45 APPLEBEE STREET, ST PETERS NSW 2044","405000","13 February 2015","0","STRATA","No","3370972","AJ407681","30 April 2017"
"5/45 APPLEBEE STREET, ST PETERS NSW 2044","310000","26 June 2014","0","STRATA","No","3370967","AI691857","30 April 2017"
"6/45 APPLEBEE STREET, ST PETERS NSW 2044","426000","27 May 2014","0","STRATA","No","3370968","AI722385","30 April 2017"
"4/45 APPLEBEE STREET, ST PETERS NSW 2044","375000","11 March 2014","0","STRATA","No","3370966","AI569826","30 April 2017"
"5/45 APPLEBEE STREET, ST PETERS NSW 2044","300000","30 August 2013","0","STRATA","No","3370967","AI83548","30 April 2017"
"13/45 APPLEBEE STREET, ST PETERS NSW 2044","295000","31 July 2013","0","STRATA","No","3370975","AI22249","30 April 2017"
"9/45 APPLEBEE STREET, ST PETERS NSW 2044","300000","3 May 2013","0","STRATA","No","3370971","AH800991","30 April 2017"
"7/45 APPLEBEE STREET, ST PETERS NSW 2044","340000","26 November 2012","0","STRATA","No","3370969","AH502984","30 April 2017"
"1/45 APPLEBEE STREET, ST PETERS NSW 2044","605000","19 September 2012","0","STRATA","No","3370963","AH371463","30 April 2017"
"13/19 CROWN STREET, ST PETERS NSW 2044","1100000","27 July 2016","0","STRATA","No","3435064","AK747058","30 April 2017"
"9/19 CROWN STREET, ST PETERS NSW 2044","1219000","7 May 2016","0","STRATA","No","3435060","AK535317","30 April 2017"
"16/19 CROWN STREET, ST PETERS NSW 2044","1880000","23 April 2016","0","STRATA","No","3435067","AK571983","30 April 2017"
"29/62 PRINCES HIGHWAY, ST PETERS NSW 2044","866000","13 April 2016","0","STRATA","No","3435080","AK472890","30 April 2017"
"78 PRINCES HIGHWAY, ST PETERS NSW 2044","480000","1 March 2016","0","STRATA","No","3435125","AK394813","30 April 2017"
"44/74 PRINCES HIGHWAY, ST PETERS NSW 2044","615000","27 February 2016","0","STRATA","No","3435095","AK369962","30 April 2017"
"19/19 CROWN STREET, ST PETERS NSW 2044","785100","9 February 2016","0","STRATA","No","3435070","AK306652","30 April 2017"
"55/80 PRINCES HIGHWAY, ST PETERS NSW 2044","632500","8 February 2016","0","STRATA","No","3435106","AK319209","30 April 2017"
"13/19 CROWN STREET, ST PETERS NSW 2044","975000","22 October 2015","0","STRATA","No","3435064","AK40687","30 April 2017"
"45/74 PRINCES HIGHWAY, ST PETERS NSW 2044","790000","25 September 2015","0","STRATA","No","3435096","AK57151","30 April 2017"
"76A PRINCES HIGHWAY, ST PETERS NSW 2044","488000","26 August 2015","0","STRATA","No","3435124","AJ931941","30 April 2017"
"78A PRINCES HIGHWAY, ST PETERS NSW 2044","468400","17 August 2015","0","STRATA","No","3435126","AJ896650","30 April 2017"
"57/80 PRINCES HIGHWAY, ST PETERS NSW 2044","738000","16 March 2015","0","STRATA","No","3435108","AJ463744","30 April 2017"
"12/19 CROWN STREET, ST PETERS NSW 2044","735000","18 September 2014","0","STRATA","No","3435063","AJ63251","30 April 2017"
"42/74 PRINCES HIGHWAY, ST PETERS NSW 2044","727500","20 June 2014","0","STRATA","No","3435093","AI825186","30 April 2017"
"10/19 CROWN STREET, ST PETERS NSW 2044","660000","26 October 2013","0","STRATA","No","3435061","AI242554","30 April 2017"
"7/19 CROWN STREET, ST PETERS NSW 2044","860000","6 April 2013","0","STRATA","No","3435058","AH778981","30 April 2017"
"60 PRINCES HIGHWAY, ST PETERS NSW 2044","830000","31 January 2013","0","STRATA","No","3435115","AH640792","30 April 2017"
"50/74 PRINCES HIGHWAY, ST PETERS NSW 2044","610000","7 December 2012","0","STRATA","No","3435101","AH510997","30 April 2017"
"33/68 PRINCES HIGHWAY, ST PETERS NSW 2044","430500","20 October 2012","0","STRATA","No","3435084","AH631402","30 April 2017"
"60/80 PRINCES HIGHWAY, ST PETERS NSW 2044","550000","29 September 2012","0","STRATA","No","3435111","AH377951","30 April 2017"
"8/19 CROWN STREET, ST PETERS NSW 2044","870000","26 June 2012","0","STRATA","No","3435059","AH297446","30 April 2017"
"28/62 PRINCES HIGHWAY, ST PETERS NSW 2044","605000","22 June 2012","0","STRATA","No","3435079","AH130841","30 April 2017"
"13A ALFRED STREET, ST PETERS NSW 2044","1575000","13 July 2016","226.8","NON STRATA","No",3472063,"AK681105","30 April 2017"
"13 ALFRED STREET, ST PETERS NSW 2044","1590000","21 November 2015","225.2","NON STRATA","No",3472064,"AK174990","30 April 2017"
"57 CROWN STREET, ST PETERS NSW 2044","965000","23 April 2013","160.8","NON STRATA","No",3484733,"AH853343","30 April 2017"
"53 CROWN STREET, ST PETERS NSW 2044","1150000","1 March 2014","146.9","NON STRATA","No",3484735,"AI580297","30 April 2017"
"45 CROWN STREET, ST PETERS NSW 2044","1001500","28 July 2012","146.4","NON STRATA","No",3484739,"AH270571","30 April 2017"
"39 CROWN STREET, ST PETERS NSW 2044","1285000","20 June 2015","152.1","NON STRATA","No",3484742,"AJ757077","30 April 2017"
"75 EDITH STREET, ST PETERS NSW 2044","1375000","31 May 2016","219.3","NON STRATA","No",3514254,"AK723448","30 April 2017"
"59 EDITH STREET, ST PETERS NSW 2044","1100000","3 February 2016","111","NON STRATA","No",3556217,"AK263192","30 April 2017"
"59 EDITH STREET, ST PETERS NSW 2044","775000","16 June 2012","111","NON STRATA","No",3556217,"AH194853","30 April 2017"
"43 EDITH STREET, ST PETERS NSW 2044","850000","17 April 2013","256.6","NON STRATA","No",3560034,"AH777179","30 April 2017"
"372 PRINCES HIGHWAY, ST PETERS NSW 2044","1000000","24 February 2015","308.4","NON STRATA","No",3560260,"AJ428764","30 April 2017"
"13/27 ST PETERS STREET, ST PETERS NSW 2044","1060000","22 October 2015","0","STRATA","No","3574623","AK62056","30 April 2017"
"9/27 ST PETERS STREET, ST PETERS NSW 2044","1096000","23 May 2015","0","STRATA","No","3574619","AJ653588","30 April 2017"
"14/27 ST PETERS STREET, ST PETERS NSW 2044","1050000","26 September 2014","0","STRATA","No","3574624","AJ60813","30 April 2017"
"15/27 ST PETERS STREET, ST PETERS NSW 2044","953000","22 February 2014","0","STRATA","No","3574625","AI524374","30 April 2017"
"7/33 CROWN STREET, ST PETERS NSW 2044","580000","16 January 2015","0","STRATA","No","3590436","AJ312890","30 April 2017"
"10/33 CROWN STREET, ST PETERS NSW 2044","550000","13 August 2012","0","STRATA","No","3590439","AH264380","30 April 2017"
"63 PRINCES HIGHWAY, ST PETERS NSW 2044","1960000","15 November 2014","746.2","NON STRATA","No",3594340,"AJ54044","30 April 2017"
"77 GROVE STREET, ST PETERS NSW 2044","880000","17 June 2013","165.3","NON STRATA","No",3647068,"AH922923","30 April 2017"
"77 GROVE STREET, ST PETERS NSW 2044","320725","28 June 2012","165.3","NON STRATA","No",3647068,"AH802602","30 April 2017"
"75 GROVE STREET, ST PETERS NSW 2044","1469500","5 February 2016","180","NON STRATA","No",3647069,"AK458988","30 April 2017"
"75 GROVE STREET, ST PETERS NSW 2044","960000","12 February 2013","180","NON STRATA","No",3647069,"AH927541","30 April 2017"
"75 GROVE STREET, ST PETERS NSW 2044","349247","28 June 2012","180","NON STRATA","No",3647069,"AH703046","30 April 2017"
"73 GROVE STREET, ST PETERS NSW 2044","990000","8 March 2013","180","NON STRATA","No",3647070,"AI219659","30 April 2017"
"73 GROVE STREET, ST PETERS NSW 2044","349441","28 June 2012","180","NON STRATA","No",3647070,"AH703434","30 April 2017"
"71 GROVE STREET, ST PETERS NSW 2044","1076000","5 February 2014","180.3","NON STRATA","No",3647071,"AI413447","30 April 2017"
"71 GROVE STREET, ST PETERS NSW 2044","349829","28 June 2012","180.3","NON STRATA","No",3647071,"AH703435","30 April 2017"
"69 GROVE STREET, ST PETERS NSW 2044","995000","4 December 2012","183.2","NON STRATA","No",3647072,"AI239274","30 April 2017"
"69 GROVE STREET, ST PETERS NSW 2044","355456","28 June 2012","183.2","NON STRATA","No",3647072,"AH703436","30 April 2017"
"67 GROVE STREET, ST PETERS NSW 2044","995000","18 July 2013","183.4","NON STRATA","No",3647073,"AI229858","30 April 2017"
"67 GROVE STREET, ST PETERS NSW 2044","355844","28 June 2012","183.4","NON STRATA","No",3647073,"AH703437","30 April 2017"
"65 GROVE STREET, ST PETERS NSW 2044","995000","15 January 2013","183.5","NON STRATA","No",3647074,"AI225737","30 April 2017"
"65 GROVE STREET, ST PETERS NSW 2044","356038","28 June 2012","183.5","NON STRATA","No",3647074,"AH703438","30 April 2017"
"63 GROVE STREET, ST PETERS NSW 2044","880000","27 February 2013","158.9","NON STRATA","No",3647075,"AI224651","30 April 2017"
"63 GROVE STREET, ST PETERS NSW 2044","308308","28 June 2012","158.9","NON STRATA","No",3647075,"AH703439","30 April 2017"
"61 GROVE STREET, ST PETERS NSW 2044","308502","28 June 2012","159","NON STRATA","No",3647076,"AH653814","30 April 2017"
"61 GROVE STREET, ST PETERS NSW 2044","308502","28 June 2012","159","NON STRATA","No",3647076,"AH653815","30 April 2017"
"59 GROVE STREET, ST PETERS NSW 2044","356620","28 June 2012","183.8","NON STRATA","No",3647077,"AH653816","30 April 2017"
"59 GROVE STREET, ST PETERS NSW 2044","356620","28 June 2012","183.8","NON STRATA","No",3647077,"AH653817","30 April 2017"
"57 GROVE STREET, ST PETERS NSW 2044","180000","30 March 2013","183.9","NON STRATA","No",3647078,"AI619984","30 April 2017"
"57 GROVE STREET, ST PETERS NSW 2044","356814","28 June 2012","183.9","NON STRATA","No",3647078,"AH632509","30 April 2017"
"57 GROVE STREET, ST PETERS NSW 2044","356814","28 June 2012","183.9","NON STRATA","No",3647078,"AH632510","30 April 2017"
"55 GROVE STREET, ST PETERS NSW 2044","360000","30 March 2013","184","NON STRATA","No",3647079,"AI877291","30 April 2017"
"55 GROVE STREET, ST PETERS NSW 2044","357008","28 June 2012","184","NON STRATA","No",3647079,"AH632625","30 April 2017"
"55 GROVE STREET, ST PETERS NSW 2044","357008","28 June 2012","184","NON STRATA","No",3647079,"AH632626","30 April 2017"
"53 GROVE STREET, ST PETERS NSW 2044","990000","13 March 2013","184.1","NON STRATA","No",3647080,"AI234831","30 April 2017"
"53 GROVE STREET, ST PETERS NSW 2044","357202","28 June 2012","184.1","NON STRATA","No",3647080,"AH703422","30 April 2017"
"51 GROVE STREET, ST PETERS NSW 2044","375000","31 May 2013","184.2","NON STRATA","No",3647081,"AI216173","30 April 2017"
"51 GROVE STREET, ST PETERS NSW 2044","357396","28 June 2012","184.2","NON STRATA","No",3647081,"AH703423","30 April 2017"
"49 GROVE STREET, ST PETERS NSW 2044","1505000","18 August 2015","184.4","NON STRATA","No",3647082,"AJ893243","30 April 2017"
"49 GROVE STREET, ST PETERS NSW 2044","970000","22 February 2013","184.4","NON STRATA","No",3647082,"AI239432","30 April 2017"
"49 GROVE STREET, ST PETERS NSW 2044","357784","28 June 2012","184.4","NON STRATA","No",3647082,"AH703424","30 April 2017"
"47 GROVE STREET, ST PETERS NSW 2044","1430000","23 December 2016","158.9","NON STRATA","No",3647083,"AM159813","30 April 2017"
"47 GROVE STREET, ST PETERS NSW 2044","965000","26 November 2013","158.9","NON STRATA","No",3647083,"AI245689","30 April 2017"
"47 GROVE STREET, ST PETERS NSW 2044","308308","28 June 2012","158.9","NON STRATA","No",3647083,"AH703425","30 April 2017"
"60 ALFRED STREET, ST PETERS NSW 2044","910000","26 June 2013","157.8","NON STRATA","No",3647084,"AI290654","30 April 2017"
"60 ALFRED STREET, ST PETERS NSW 2044","306173","28 June 2012","157.8","NON STRATA","No",3647084,"AH703426","30 April 2017"
"62 ALFRED STREET, ST PETERS NSW 2044","865000","25 February 2013","157.1","NON STRATA","No",3647085,"AI293180","30 April 2017"
"62 ALFRED STREET, ST PETERS NSW 2044","304815","28 June 2012","157.1","NON STRATA","No",3647085,"AH703427","30 April 2017"
"64 ALFRED STREET, ST PETERS NSW 2044","892500","12 July 2013","157.1","NON STRATA","No",3647086,"AI281651","30 April 2017"
"64 ALFRED STREET, ST PETERS NSW 2044","304815","28 June 2012","157.1","NON STRATA","No",3647086,"AH703428","30 April 2017"
"66 ALFRED STREET, ST PETERS NSW 2044","865000","15 March 2013","157.1","NON STRATA","No",3647087,"AI269422","30 April 2017"
"66 ALFRED STREET, ST PETERS NSW 2044","304815","28 June 2012","157.1","NON STRATA","No",3647087,"AH703429","30 April 2017"
"68 ALFRED STREET, ST PETERS NSW 2044","795000","7 March 2013","132.5","NON STRATA","No",3647088,"AI283436","30 April 2017"
"68 ALFRED STREET, ST PETERS NSW 2044","257085","28 June 2012","132.5","NON STRATA","No",3647088,"AH703430","30 April 2017"
"70 ALFRED STREET, ST PETERS NSW 2044","825000","25 February 2013","137.7","NON STRATA","No",3647089,"AI354649","30 April 2017"
"70 ALFRED STREET, ST PETERS NSW 2044","261547","28 June 2012","137.7","NON STRATA","No",3647089,"AH703431","30 April 2017"
"72 ALFRED STREET, ST PETERS NSW 2044","965000","9 April 2013","173.1","NON STRATA","No",3647090,"AI262618","30 April 2017"
"72 ALFRED STREET, ST PETERS NSW 2044","341486","28 June 2012","173.1","NON STRATA","No",3647090,"AH703432","30 April 2017"
"74 ALFRED STREET, ST PETERS NSW 2044","990000","10 April 2013","178.3","NON STRATA","No",3647091,"AI296806","30 April 2017"
"74 ALFRED STREET, ST PETERS NSW 2044","345949","28 June 2012","178.3","NON STRATA","No",3647091,"AH703433","30 April 2017"
"76 ALFRED STREET, ST PETERS NSW 2044","890000","3 July 2013","157.1","NON STRATA","No",3647092,"AI285504","30 April 2017"
"76 ALFRED STREET, ST PETERS NSW 2044","304815","28 June 2012","157.1","NON STRATA","No",3647092,"AH703440","30 April 2017"
"78 ALFRED STREET, ST PETERS NSW 2044","895000","26 June 2013","157.1","NON STRATA","No",3647093,"AI293337","30 April 2017"
"78 ALFRED STREET, ST PETERS NSW 2044","304815","28 June 2012","157.1","NON STRATA","No",3647093,"AH703441","30 April 2017"
"80 ALFRED STREET, ST PETERS NSW 2044","955000","7 March 2013","178.3","NON STRATA","No",3647094,"AI242217","30 April 2017"
"80 ALFRED STREET, ST PETERS NSW 2044","345949","28 June 2012","178.3","NON STRATA","No",3647094,"AH703442","30 April 2017"
"82 ALFRED STREET, ST PETERS NSW 2044","985000","13 September 2013","173.1","NON STRATA","No",3647095,"AI297202","30 April 2017"
"82 ALFRED STREET, ST PETERS NSW 2044","335859","28 June 2012","173.1","NON STRATA","No",3647095,"AH703443","30 April 2017"
"84 ALFRED STREET, ST PETERS NSW 2044","825000","18 March 2013","137.7","NON STRATA","No",3647096,"AI269458","30 April 2017"
"84 ALFRED STREET, ST PETERS NSW 2044","267174","28 June 2012","137.7","NON STRATA","No",3647096,"AH703444","30 April 2017"
"86 ALFRED STREET, ST PETERS NSW 2044","1350000","3 August 2016","132.5","NON STRATA","No",3647097,"AK781676","30 April 2017"
"86 ALFRED STREET, ST PETERS NSW 2044","795000","25 February 2013","132.5","NON STRATA","No",3647097,"AI279301","30 April 2017"
"86 ALFRED STREET, ST PETERS NSW 2044","257085","28 June 2012","132.5","NON STRATA","No",3647097,"AH703445","30 April 2017"
"88 ALFRED STREET, ST PETERS NSW 2044","890000","22 May 2013","157.1","NON STRATA","No",3647098,"AI270116","30 April 2017"
"88 ALFRED STREET, ST PETERS NSW 2044","304815","28 June 2012","157.1","NON STRATA","No",3647098,"AH703446","30 April 2017"
"90 ALFRED STREET, ST PETERS NSW 2044","858000","6 March 2013","157.1","NON STRATA","No",3647099,"AI314286","30 April 2017"
"90 ALFRED STREET, ST PETERS NSW 2044","304815","28 June 2012","157.1","NON STRATA","No",3647099,"AH703447","30 April 2017"
"92 ALFRED STREET, ST PETERS NSW 2044","880000","3 April 2013","157.1","NON STRATA","No",3647100,"AI293310","30 April 2017"
"92 ALFRED STREET, ST PETERS NSW 2044","304815","28 June 2012","157.1","NON STRATA","No",3647100,"AH703448","30 April 2017"
"94 ALFRED STREET, ST PETERS NSW 2044","875000","23 January 2013","156.5","NON STRATA","No",3647101,"AI310227","30 April 2017"
"94 ALFRED STREET, ST PETERS NSW 2044","303651","28 June 2012","156.5","NON STRATA","No",3647101,"AH703449","30 April 2017"
"65A SUTHERLAND STREET, ST PETERS NSW 2044","860000","8 July 2013","131.9","NON STRATA","No",3652107,"AH950750","30 April 2017"
"65 SUTHERLAND STREET, ST PETERS NSW 2044","860000","13 April 2013","132.1","NON STRATA","No",3652108,"AH762036","30 April 2017"
"1/62 BROWN STREET, ST PETERS NSW 2044","625000","19 September 2012","0","STRATA","No","3659196","AH351700","30 April 2017"
"2/62 BROWN STREET, ST PETERS NSW 2044","732000","9 August 2012","0","STRATA","No","3659197","AH303769","30 April 2017"
"5A SILVER STREET, ST PETERS NSW 2044","1000000","28 March 2013","595","NON STRATA","No",3668501,"AI893354","30 April 2017"
"7 SILVER STREET, ST PETERS NSW 2044","1170000","11 April 2014","401.6","NON STRATA","No",3668502,"AI610317","30 April 2017"
"7A SILVER STREET, ST PETERS NSW 2044","1250000","24 April 2014","200.8","NON STRATA","No",3668503,"AI668371","30 April 2017"
"9 SILVER STREET, ST PETERS NSW 2044","1405000","1 July 2014","205.7","NON STRATA","No",3668504,"AI847986","30 April 2017"
"9A SILVER STREET, ST PETERS NSW 2044","1460000","24 April 2014","285.6","NON STRATA","No",3668505,"AI677300","30 April 2017"
"1/2 BOLTON STREET, ST PETERS NSW 2044","632500","13 May 2016","0","STRATA","No","3747190","AK536028","30 April 2017"
"8/2 BOLTON STREET, ST PETERS NSW 2044","585000","6 August 2015","0","STRATA","No","3747197","AJ907050","30 April 2017"
"4/2 BOLTON STREET, ST PETERS NSW 2044","880000","7 July 2015","0","STRATA","No","3747193","AJ914999","30 April 2017"
"5/2 BOLTON STREET, ST PETERS NSW 2044","750000","16 June 2015","0","STRATA","No","3747194","AJ844323","30 April 2017"
"2/2 BOLTON STREET, ST PETERS NSW 2044","515000","12 March 2014","0","STRATA","No","3747191","AI613117","30 April 2017"
"7/2 BOLTON STREET, ST PETERS NSW 2044","495000","14 January 2014","0","STRATA","No","3747196","AI423677","30 April 2017"
"3/2 BOLTON STREET, ST PETERS NSW 2044","513500","20 December 2013","0","STRATA","No","3747192","AI383862","30 April 2017"
"6/2 BOLTON STREET, ST PETERS NSW 2044","485000","20 December 2013","0","STRATA","No","3747195","AI423145","30 April 2017"
"1/35 BARWON PARK ROAD, ST PETERS NSW 2044","825000","13 May 2014","0","STRATA","No","3765817","AI591701","30 April 2017"
"2/35 BARWON PARK ROAD, ST PETERS NSW 2044","850000","12 March 2014","0","STRATA","No","3765818","AI582440","30 April 2017"
"63A BROWN STREET, ST PETERS NSW 2044","1300000","19 February 2016","156.8","NON STRATA","No",3777888,"AK368592","30 April 2017"
"63A BROWN STREET, ST PETERS NSW 2044","300000","19 November 2014","156.8","NON STRATA","No",3777888,"AJ70090","30 April 2017"
"63 BROWN STREET, ST PETERS NSW 2044","1300000","20 June 2016","156.7","NON STRATA","No",3777889,"AK671344","30 April 2017"
"63 BROWN STREET, ST PETERS NSW 2044","300000","19 November 2014","156.7","NON STRATA","No",3777889,"AJ70079","30 April 2017"
"23 BARWON PARK ROAD, ST PETERS NSW 2044","1080000","18 November 2014","711.3","NON STRATA","No",3812565,"AJ62545","30 April 2017"
"11 SUTHERLAND STREET, ST PETERS NSW 2044","1385000","16 February 2016","148.5","NON STRATA","No",3818037,"AK326808","30 April 2017"
"9 SUTHERLAND STREET, ST PETERS NSW 2044","1320000","9 August 2016","144.2","NON STRATA","No",3818038,"AK756106","30 April 2017"
"7 SUTHERLAND STREET, ST PETERS NSW 2044","1342000","19 February 2016","144.2","NON STRATA","No",3818039,"AK352108","30 April 2017"
"5 SUTHERLAND STREET, ST PETERS NSW 2044","1550000","9 February 2015","148.5","NON STRATA","No",3818040,"AK106755","30 April 2017"
"45B GROVE STREET, ST PETERS NSW 2044","1300000","5 May 2016","126","NON STRATA","No",3835779,"AK555666","30 April 2017"
"21/53 BARWON PARK ROAD, ST PETERS NSW 2044","890000","11 May 2016","0","STRATA","No","3835958","AK525514","30 April 2017"
"10/53 BARWON PARK ROAD, ST PETERS NSW 2044","660000","21 April 2016","0","STRATA","No","3835947","AK506201","30 April 2017"
"22/53 BARWON PARK ROAD, ST PETERS NSW 2044","853500","24 March 2016","0","STRATA","No","3835959","AK455910","30 April 2017"
"12/53 BARWON PARK ROAD, ST PETERS NSW 2044","620000","18 February 2015","0","STRATA","No","3835949","AJ432184","30 April 2017"
"18/53 BARWON PARK ROAD, ST PETERS NSW 2044","500000","18 February 2015","0","STRATA","No","3835955","AJ436532","30 April 2017"
"16/53 BARWON PARK ROAD, ST PETERS NSW 2044","500000","17 January 2015","0","STRATA","No","3835953","AJ469847","30 April 2017"
"22/53 BARWON PARK ROAD, ST PETERS NSW 2044","735000","9 September 2014","0","STRATA","No","3835959","AJ403698","30 April 2017"
"14/53 BARWON PARK ROAD, ST PETERS NSW 2044","720000","20 August 2014","0","STRATA","No","3835951","AJ429563","30 April 2017"
"21/53 BARWON PARK ROAD, ST PETERS NSW 2044","755000","27 June 2014","0","STRATA","No","3835958","AJ408012","30 April 2017"
"19/53 BARWON PARK ROAD, ST PETERS NSW 2044","685000","11 June 2014","0","STRATA","No","3835956","AJ420992","30 April 2017"
"23/53 BARWON PARK ROAD, ST PETERS NSW 2044","730000","15 April 2014","0","STRATA","No","3835960","AJ408757","30 April 2017"
"5/53 BARWON PARK ROAD, ST PETERS NSW 2044","645000","19 March 2014","0","STRATA","No","3835942","AJ431657","30 April 2017"
"2/53 BARWON PARK ROAD, ST PETERS NSW 2044","395000","17 March 2014","0","STRATA","No","3835939","AJ416467","30 April 2017"
"4/53 BARWON PARK ROAD, ST PETERS NSW 2044","418000","17 February 2014","0","STRATA","No","3835941","AJ394429","30 April 2017"
"3/53 BARWON PARK ROAD, ST PETERS NSW 2044","635000","5 February 2014","0","STRATA","No","3835940","AJ406566","30 April 2017"
"9/53 BARWON PARK ROAD, ST PETERS NSW 2044","525000","23 December 2013","0","STRATA","No","3835946","AJ433463","30 April 2017"
"10/53 BARWON PARK ROAD, ST PETERS NSW 2044","535000","19 December 2013","0","STRATA","No","3835947","AJ434271","30 April 2017"
"17/53 BARWON PARK ROAD, ST PETERS NSW 2044","540000","13 December 2013","0","STRATA","No","3835954","AJ410748","30 April 2017"
"6/53 BARWON PARK ROAD, ST PETERS NSW 2044","695000","6 December 2013","0","STRATA","No","3835943","AJ399537","30 April 2017"
"13/53 BARWON PARK ROAD, ST PETERS NSW 2044","720000","24 September 2013","0","STRATA","No","3835950","AJ439282","30 April 2017"
"11/53 BARWON PARK ROAD, ST PETERS NSW 2044","520000","18 September 2013","0","STRATA","No","3835948","AJ436356","30 April 2017"
"8/53 BARWON PARK ROAD, ST PETERS NSW 2044","530000","16 September 2013","0","STRATA","No","3835945","AJ407047","30 April 2017"
"1/53 BARWON PARK ROAD, ST PETERS NSW 2044","645000","11 September 2013","0","STRATA","No","3835938","AJ423060","30 April 2017"
"7/53 BARWON PARK ROAD, ST PETERS NSW 2044","650000","11 September 2013","0","STRATA","No","3835944","AJ436539","30 April 2017"
"15/53 BARWON PARK ROAD, ST PETERS NSW 2044","525000","3 September 2013","0","STRATA","No","3835952","AJ412164","30 April 2017"
"20/53 BARWON PARK ROAD, ST PETERS NSW 2044","770000","26 August 2013","0","STRATA","No","3835957","AJ442363","30 April 2017"
"6 CROWN STREET, ST PETERS NSW 2044","1604000","18 September 2015","149","NON STRATA","No",3884985,"AK19731","30 April 2017"
"1/60 HUTCHINSON STREET, ST PETERS NSW 2044","856000","5 September 2016","0","STRATA","No","3939904","AK804872","30 April 2017"
"7/60 HUTCHINSON STREET, ST PETERS NSW 2044","805000","24 September 2014","0","STRATA","No","3939910","AK582706","30 April 2017"
"8/60 HUTCHINSON STREET, ST PETERS NSW 2044","800000","25 July 2014","0","STRATA","No","3939911","AK599134","30 April 2017"
"11/60 HUTCHINSON STREET, ST PETERS NSW 2044","825000","27 May 2014","0","STRATA","No","3939914","AK588588","30 April 2017"
"13/60 HUTCHINSON STREET, ST PETERS NSW 2044","730000","27 May 2014","0","STRATA","No","3939916","AK581106","30 April 2017"
"18/60 HUTCHINSON STREET, ST PETERS NSW 2044","755000","27 May 2014","0","STRATA","No","3939921","AK586270","30 April 2017"
"14/60 HUTCHINSON STREET, ST PETERS NSW 2044","738000","15 May 2014","0","STRATA","No","3939917","AK587915","30 April 2017"
"9/60 HUTCHINSON STREET, ST PETERS NSW 2044","809000","5 May 2014","0","STRATA","No","3939912","AK648188","30 April 2017"
"19/60 HUTCHINSON STREET, ST PETERS NSW 2044","750000","2 April 2014","0","STRATA","No","3939922","AK606525","30 April 2017"
"16/60 HUTCHINSON STREET, ST PETERS NSW 2044","775000","11 March 2014","0","STRATA","No","3939919","AK599885","30 April 2017"
"20/60 HUTCHINSON STREET, ST PETERS NSW 2044","820000","11 March 2014","0","STRATA","No","3939923","AK636244","30 April 2017"
"17/60 HUTCHINSON STREET, ST PETERS NSW 2044","729000","7 March 2014","0","STRATA","No","3939920","AK616211","30 April 2017"
"2/60 HUTCHINSON STREET, ST PETERS NSW 2044","729000","4 March 2014","0","STRATA","No","3939905","AK600606","30 April 2017"
"15/60 HUTCHINSON STREET, ST PETERS NSW 2044","790000","3 March 2014","0","STRATA","No","3939918","AK593942","30 April 2017"
"10/60 HUTCHINSON STREET, ST PETERS NSW 2044","765000","1 March 2014","0","STRATA","No","3939913","AK586343","30 April 2017"
"6/60 HUTCHINSON STREET, ST PETERS NSW 2044","795000","12 February 2014","0","STRATA","No","3939909","AK596995","30 April 2017"
"4/60 HUTCHINSON STREET, ST PETERS NSW 2044","730000","8 February 2014","0","STRATA","No","3939907","AK613650","30 April 2017"
"5/60 HUTCHINSON STREET, ST PETERS NSW 2044","729000","3 February 2014","0","STRATA","No","3939908","AK586395","30 April 2017"
"3/60 HUTCHINSON STREET, ST PETERS NSW 2044","795000","15 January 2014","0","STRATA","No","3939906","AK587825","30 April 2017"
"1/19 HUTCHINSON STREET, ST PETERS NSW 2044","667500","7 February 2017","0","STRATA","No","3951253","AM238735","30 April 2017"
"24/19 HUTCHINSON STREET, ST PETERS NSW 2044","600000","2 August 2016","0","STRATA","No","3951276","AK862903","30 April 2017"
"19/19 HUTCHINSON STREET, ST PETERS NSW 2044","805000","29 July 2016","0","STRATA","No","3951271","AK812026","30 April 2017"
"10/19 HUTCHINSON STREET, ST PETERS NSW 2044","550000","7 July 2016","0","STRATA","No","3951262","AK787500","30 April 2017"
"11/19 HUTCHINSON STREET, ST PETERS NSW 2044","775500","4 April 2016","0","STRATA","No","3951263","AK802606","30 April 2017"
"1/19 HUTCHINSON STREET, ST PETERS NSW 2044","198000","1 December 2015","0","STRATA","No","3951250","AK806337","30 April 2017"
"2/19 HUTCHINSON STREET, ST PETERS NSW 2044","292050","1 December 2015","0","STRATA","No","3951251","AK806464","30 April 2017"
"3/19 HUTCHINSON STREET, ST PETERS NSW 2044","306900","12 November 2015","0","STRATA","No","3951252","AK973678","30 April 2017"
"12/19 HUTCHINSON STREET, ST PETERS NSW 2044","775500","4 March 2015","0","STRATA","No","3951264","AK816851","30 April 2017"
"21/19 HUTCHINSON STREET, ST PETERS NSW 2044","825500","12 January 2015","0","STRATA","No","3951273","AK800679","30 April 2017"
"27/19 HUTCHINSON STREET, ST PETERS NSW 2044","810500","19 December 2014","0","STRATA","No","3951279","AK876108","30 April 2017"
"19/19 HUTCHINSON STREET, ST PETERS NSW 2044","785500","2 December 2014","0","STRATA","No","3951271","AK812025","30 April 2017"
"20/19 HUTCHINSON STREET, ST PETERS NSW 2044","785500","2 December 2014","0","STRATA","No","3951272","AK797144","30 April 2017"
"28/19 HUTCHINSON STREET, ST PETERS NSW 2044","810500","13 November 2014","0","STRATA","No","3951280","AK831931","30 April 2017"
"5/19 HUTCHINSON STREET, ST PETERS NSW 2044","805500","10 October 2014","0","STRATA","No","3951257","AK787170","30 April 2017"
"7/19 HUTCHINSON STREET, ST PETERS NSW 2044","535000","3 October 2014","0","STRATA","No","3951259","AK823094","30 April 2017"
"1/19 HUTCHINSON STREET, ST PETERS NSW 2044","590500","1 October 2014","0","STRATA","No","3951253","AK805006","30 April 2017"
"4/19 HUTCHINSON STREET, ST PETERS NSW 2044","765500","1 October 2014","0","STRATA","No","3951256","AK793471","30 April 2017"
"23/19 HUTCHINSON STREET, ST PETERS NSW 2044","550000","3 September 2014","0","STRATA","No","3951275","AK798391","30 April 2017"
"15/19 HUTCHINSON STREET, ST PETERS NSW 2044","540000","29 August 2014","0","STRATA","No","3951267","AM87325","30 April 2017"
"17/19 HUTCHINSON STREET, ST PETERS NSW 2044","560000","15 August 2014","0","STRATA","No","3951269","AK809171","30 April 2017"
"32/19 HUTCHINSON STREET, ST PETERS NSW 2044","620000","15 August 2014","0","STRATA","No","3951284","AK809170","30 April 2017"
"13/19 HUTCHINSON STREET, ST PETERS NSW 2044","815500","6 August 2014","0","STRATA","No","3951265","AK844924","30 April 2017"
"22/19 HUTCHINSON STREET, ST PETERS NSW 2044","550000","6 August 2014","0","STRATA","No","3951274","AK804250","30 April 2017"
"2/19 HUTCHINSON STREET, ST PETERS NSW 2044","590000","30 July 2014","0","STRATA","No","3951254","AK790783","30 April 2017"
"25/19 HUTCHINSON STREET, ST PETERS NSW 2044","620000","30 July 2014","0","STRATA","No","3951277","AK820068","30 April 2017"
"30/19 HUTCHINSON STREET, ST PETERS NSW 2044","610000","29 July 2014","0","STRATA","No","3951282","AK849738","30 April 2017"
"3/19 HUTCHINSON STREET, ST PETERS NSW 2044","765500","25 July 2014","0","STRATA","No","3951255","AK842552","30 April 2017"
"18/19 HUTCHINSON STREET, ST PETERS NSW 2044","560000","10 July 2014","0","STRATA","No","3951270","AK795856","30 April 2017"
"26/19 HUTCHINSON STREET, ST PETERS NSW 2044","620000","10 July 2014","0","STRATA","No","3951278","AK812604","30 April 2017"
"8/19 HUTCHINSON STREET, ST PETERS NSW 2044","540000","10 July 2014","0","STRATA","No","3951260","AK787690","30 April 2017"
"14/19 HUTCHINSON STREET, ST PETERS NSW 2044","540000","9 July 2014","0","STRATA","No","3951266","AK799885","30 April 2017"
"29/19 HUTCHINSON STREET, ST PETERS NSW 2044","835500","8 July 2014","0","STRATA","No","3951281","AK824221","30 April 2017"
"31/19 HUTCHINSON STREET, ST PETERS NSW 2044","610000","8 July 2014","0","STRATA","No","3951283","AK808795","30 April 2017"
"9/19 HUTCHINSON STREET, ST PETERS NSW 2044","553500","4 July 2014","0","STRATA","No","3951261","AK783422","30 April 2017"
"6/19 HUTCHINSON STREET, ST PETERS NSW 2044","535000","2 July 2014","0","STRATA","No","3951258","AK805575","30 April 2017"
"16/19 HUTCHINSON STREET, ST PETERS NSW 2044","595000","30 June 2014","0","STRATA","No","3951268","AK801078","30 April 2017"
"13/44 MAY STREET, ST PETERS NSW 2044","1088000","13 December 2016","0","STRATA","No","3965427","AM227887","30 April 2017"
"15/44 MAY STREET, ST PETERS NSW 2044","1088000","2 November 2016","0","STRATA","No","3965429","AM40736","30 April 2017"
"14/44 MAY STREET, ST PETERS NSW 2044","1088000","31 October 2016","0","STRATA","No","3965428","AM80058","30 April 2017"
"20/44 MAY STREET, ST PETERS NSW 2044","357500","28 October 2016","0","STRATA","No","3965434","AK997994","30 April 2017"
"23/44 MAY STREET, ST PETERS NSW 2044","825000","26 October 2016","0","STRATA","No","3965437","AK982382","30 April 2017"
"4/44 MAY STREET, ST PETERS NSW 2044","359700","25 October 2016","0","STRATA","No","3965435","AK981256","30 April 2017"
"17/44 MAY STREET, ST PETERS NSW 2044","850000","30 September 2016","0","STRATA","No","3965431","AK910533","30 April 2017"
"7/44 MAY STREET, ST PETERS NSW 2044","749000","28 September 2016","0","STRATA","No","3965421","AK930278","30 April 2017"
"5/44 MAY STREET, ST PETERS NSW 2044","830000","25 August 2016","0","STRATA","No","3965419","AK855020","30 April 2017"
"2/44 MAY STREET, ST PETERS NSW 2044","647000","14 July 2016","0","STRATA","No","3965416","AK960257","30 April 2017"
"2/44 MAY STREET, ST PETERS NSW 2044","550000","20 June 2016","0","STRATA","No","3965433","AK855158","30 April 2017"
"12/44 MAY STREET, ST PETERS NSW 2044","985000","17 December 2015","0","STRATA","No","3965426","AK869905","30 April 2017"
"16/44 MAY STREET, ST PETERS NSW 2044","758575","8 October 2014","0","STRATA","No","3965430","AK873000","30 April 2017"
"2/44 MAY STREET, ST PETERS NSW 2044","433022","17 September 2014","0","STRATA","No","3965433","AK855157","30 April 2017"
"20/44 MAY STREET, ST PETERS NSW 2044","326040","17 September 2014","0","STRATA","No","3965434","AK997993","30 April 2017"
"23/44 MAY STREET, ST PETERS NSW 2044","728496","17 September 2014","0","STRATA","No","3965437","AK878301","30 April 2017"
"4/44 MAY STREET, ST PETERS NSW 2044","320946","17 September 2014","0","STRATA","No","3965435","AK878291","30 April 2017"
"17/44 MAY STREET, ST PETERS NSW 2044","808500","1 September 2014","0","STRATA","No","3965431","AK910532","30 April 2017"
"4/44 MAY STREET, ST PETERS NSW 2044","749500","31 July 2014","0","STRATA","No","3965418","AK851439","30 April 2017"
"5/44 MAY STREET, ST PETERS NSW 2044","749500","28 July 2014","0","STRATA","No","3965419","AK855019","30 April 2017"
"1/44 MAY STREET, ST PETERS NSW 2044","747500","11 July 2014","0","STRATA","No","3965415","AK870303","30 April 2017"
"10/44 MAY STREET, ST PETERS NSW 2044","985000","10 July 2014","0","STRATA","No","3965424","AK860520","30 April 2017"
"11/44 MAY STREET, ST PETERS NSW 2044","985000","10 July 2014","0","STRATA","No","3965425","AK859359","30 April 2017"
"6/44 MAY STREET, ST PETERS NSW 2044","749500","10 July 2014","0","STRATA","No","3965420","AK837119","30 April 2017"
"9/44 MAY STREET, ST PETERS NSW 2044","985000","3 July 2014","0","STRATA","No","3965423","AK878274","30 April 2017"
"3/44 MAY STREET, ST PETERS NSW 2044","749500","1 July 2014","0","STRATA","No","3965417","AK852931","30 April 2017"
"8/44 MAY STREET, ST PETERS NSW 2044","798500","28 June 2014","0","STRATA","No","3965422","AK837069","30 April 2017"
"1/84 PRINCES HIGHWAY, ST PETERS NSW 2044","1059000","10 January 2017","0","STRATA","No","4002054","AM274880","30 April 2017"
"5/84 PRINCES HIGHWAY, ST PETERS NSW 2044","719000","7 December 2016","0","STRATA","No","4002058","AM258755","30 April 2017"
"8/84 PRINCES HIGHWAY, ST PETERS NSW 2044","639000","5 December 2016","0","STRATA","No","4002061","AM227770","30 April 2017"
"10/84 PRINCES HIGHWAY, ST PETERS NSW 2044","849000","30 November 2016","0","STRATA","No","4002063","AM231497","30 April 2017"
"9/84 PRINCES HIGHWAY, ST PETERS NSW 2044","849000","29 November 2016","0","STRATA","No","4002062","AM227369","30 April 2017"
"6/84 PRINCES HIGHWAY, ST PETERS NSW 2044","679000","22 November 2016","0","STRATA","No","4002059","AM229555","30 April 2017"
"16/84 PRINCES HIGHWAY, ST PETERS NSW 2044","899000","17 November 2016","0","STRATA","No","4002069","AM226011","30 April 2017"
"3/84 PRINCES HIGHWAY, ST PETERS NSW 2044","739000","17 November 2016","0","STRATA","No","4002056","AM255628","30 April 2017"
"13/24 BURROWS ROAD, ST PETERS NSW 2044","2000000","18 November 2016","0","STRATA","No","2113461","AM154533","30 April 2017"
"16/24 BURROWS ROAD, ST PETERS NSW 2044","1250000","12 November 2015","0","STRATA","No","2113464","AK93082","30 April 2017"
"6/24 BURROWS ROAD, ST PETERS NSW 2044","1250000","20 October 2015","0","STRATA","No","2113454","AK32798","30 April 2017"
"3/24 BURROWS ROAD, ST PETERS NSW 2044","670000","12 September 2014","0","STRATA","No","2113451","AI965301","30 April 2017"
"13/24 BURROWS ROAD, ST PETERS NSW 2044","1350000","27 August 2014","0","STRATA","No","2113461","AJ89703","30 April 2017"
"22 BURROWS ROAD, ST PETERS NSW 2044","8500000","1 August 2016","2485","NON STRATA","No",2113467,"AK720543","30 April 2017"
"12 BURROWS ROAD, ST PETERS NSW 2044","20054040","13 February 2017","8093","NON STRATA","No",2113469,"AM201877","30 April 2017"
"9/8 BURROWS ROAD, ST PETERS NSW 2044","1364000","20 September 2016","0","STRATA","No","2113478","AM90296","30 April 2017"
"2/8 BURROWS ROAD, ST PETERS NSW 2044","190000","2 March 2016","0","STRATA","No","2113472","AK481917","30 April 2017"
"8/8 BURROWS ROAD, ST PETERS NSW 2044","1100000","1 December 2015","0","STRATA","No","2113477","AK184988","30 April 2017"
"4/8 BURROWS ROAD, ST PETERS NSW 2044","830000","16 February 2015","0","STRATA","No","2113474","AJ531230","30 April 2017"
"2 BURROWS ROAD, ST PETERS NSW 2044","4200000","19 June 2012","4047","NON STRATA","No",2113480,"AH291188","30 April 2017"
"47 CAMPBELL ROAD, ST PETERS NSW 2044","9221146","31 March 2016","5085","NON STRATA","No",2113685,"AK490253","30 April 2017"
"41 CAMPBELL ROAD, ST PETERS NSW 2044","1738085","9 November 2015","461.6","NON STRATA","No",2113688,"AK212986","30 April 2017"
"19 CAMPBELL ROAD, ST PETERS NSW 2044","1656753","1 March 2016","459.8","NON STRATA","No",2113693,"AK425249","30 April 2017"
"17 CAMPBELL ROAD, ST PETERS NSW 2044","1189847","16 April 2015","306.6","NON STRATA","No",2113694,"AJ518071","30 April 2017"
"17 CAMPBELL ROAD, ST PETERS NSW 2044","745000","23 March 2013","306.6","NON STRATA","No",2113694,"AH726557","30 April 2017"
"5/2A BURROWS ROAD, ST PETERS NSW 2044","1100000","1 July 2014","0","STRATA","No","2114093","AJ321219","30 April 2017"
"7/2A BURROWS ROAD, ST PETERS NSW 2044","825000","13 May 2014","0","STRATA","No","2114095","AI682930","30 April 2017"
"3/2A BURROWS ROAD, ST PETERS NSW 2044","1170000","24 December 2013","0","STRATA","No","2114091","AI489142","30 April 2017"
"4/2A BURROWS ROAD, ST PETERS NSW 2044","936000","3 July 2013","0","STRATA","No","2114092","AH927280","30 April 2017"
"6/2A BURROWS ROAD, ST PETERS NSW 2044","830000","28 August 2012","0","STRATA","No","2114094","AH345986","30 April 2017"
"8 HOLLAND STREET, ST PETERS NSW 2044","1429459","21 April 2016","473.4","NON STRATA","No",2128566,"AK567144","30 April 2017"
"32 BURROWS ROAD, ST PETERS NSW 2044","5300000","13 September 2013","3914","NON STRATA","No",3706304,"AI116055","30 April 2017"
